,DIRECTORIO,SECUENCIA_ENCUESTA,SECUENCIA_P,ORDEN,FEX_C,P6016,P1894,P6020,P6034,P6040,P6051,P5502,P6071,P6071S1,P756,P756S1,P756S2,P756S3,P3510,P3510S1,P3510S1A1,P3510S1A2,P3510S1A3,P3510S1A4,P3510S1A5,P3510S1A6,P3510S1A7,P3510S1A8,P3510S1A9,P3510S1A10,P3510S1A11,P3510S2,P3510S2A1,P3510S2A2,P3510S2A3,P3510S2A4,P3510S2A5,P3510S2A6,P3510S2A7,P3510S2A8,P3510S2A9,P3510S2A10,P3510S2A11,P6074,P755,P755S1,P755S2,P755S3,P754,P753,P753S1,P753S2,P753S3,P752,P1662,P6081,P6081S1,P6087,P6083,P6083S1,P6088,P6080,P2057,P2059,P2061,P1895,P1896,P1897,P1898,P1899,P3175,P1901,P1903,P1904,P1905,P1927,P3038,P3039
43,8369568,1,1,1,"508,8582105",1,3,1,1,63,1,4.0,,,2,11.0,11001.0,,,,,,,,,,,,,,,,,,,,,,,,,,,2.0,3.0,11.0,11001.0,,1.0,3.0,11.0,11001.0,,1.0,8.0,2,,4.0,3,,4.0,6,2.0,2.0,2.0,10.0,10.0,10.0,10.0,10.0,10.0,10.0,0.0,0.0,10.0,10.0,2.0,1.0
104,8369598,1,1,1,"558,8467619",1,3,1,1,42,1,6.0,1.0,2.0,2,11.0,11001.0,,,,,,,,,,,,,,,,,,,,,,,,,,,2.0,3.0,11.0,11001.0,,1.0,3.0,11.0,11001.0,,1.0,10.0,2,,2.0,2,,3.0,6,2.0,2.0,2.0,10.0,8.0,9.0,9.0,9.0,9.0,10.0,5.0,3.0,10.0,10.0,2.0,1.0
105,8369598,2,1,2,"558,8467619",2,3,2,1,38,2,6.0,1.0,1.0,2,73.0,73268.0,,,,,,,,,,,,,,,,,,,,,,,,,,,2.0,3.0,11.0,11001.0,,1.0,3.0,11.0,11001.0,,1.0,10.0,3,,8.0,2,,8.0,6,2.0,2.0,2.0,8.0,8.0,9.0,8.0,9.0,6.0,9.0,4.0,0.0,10.0,7.0,1.0,2.0
404,8369727,1,1,1,"220,4496901",1,3,2,1,22,1,4.0,,,1,,,,,,,,,,,,,,,,,,,,,,,,,,,,,2.0,3.0,11.0,11001.0,,1.0,3.0,11.0,11001.0,,1.0,3.0,2,,1.0,2,,1.0,6,2.0,2.0,2.0,5.0,1.0,10.0,8.0,2.0,9.0,10.0,9.0,2.0,9.0,6.0,1.0,2.0
1001,8369991,1,1,1,"203,6746494",1,3,1,1,32,1,5.0,,,2,17.0,17513.0,,,,,,,,,,,,,,,,,,,,,,,,,,,2.0,4.0,,,8.0,,3.0,11.0,11001.0,,1.0,2.0,2,,8.0,2,,5.0,6,2.0,1.0,2.0,10.0,3.0,10.0,7.0,10.0,4.0,9.0,10.0,10.0,4.0,3.0,2.0,1.0
2235,8370571,2,1,2,"1104,684055",2,3,2,1,24,3,5.0,,,2,11.0,11001.0,,,,,,,,,,,,,,,,,,,,,,,,,,,2.0,3.0,11.0,11001.0,,1.0,3.0,11.0,11001.0,,1.0,1.0,1,1.0,,3,,2.0,6,2.0,2.0,9.0,8.0,8.0,10.0,10.0,10.0,10.0,10.0,0.0,0.0,10.0,7.0,1.0,2.0
2258,8370589,1,1,1,"209,2822621",1,3,1,1,77,1,6.0,2.0,,1,,,,,,,,,,,,,,,,,,,,,,,,,,,,,2.0,3.0,11.0,11001.0,,1.0,3.0,11.0,11001.0,,1.0,11.0,3,,10.0,3,,10.0,6,1.0,,1.0,8.0,6.0,7.0,7.0,7.0,7.0,6.0,6.0,7.0,7.0,7.0,2.0,1.0
2988,8370927,1,1,1,"289,3754451",1,3,1,1,62,1,3.0,,,1,,,,,,,,,,,,,,,,,,,,,,,,,,,,,2.0,3.0,47.0,47001.0,,1.0,3.0,11.0,11001.0,,1.0,11.0,3,,9.0,2,,9.0,6,2.0,2.0,2.0,6.0,3.0,6.0,4.0,4.0,3.0,6.0,4.0,5.0,6.0,5.0,2.0,1.0
5212,8371900,1,1,1,"333,2241012",1,3,2,1,26,1,2.0,1.0,2.0,2,11.0,11001.0,,,,,,,,,,,,,,,,,,,,,,,,,,,2.0,3.0,11.0,11001.0,,1.0,3.0,11.0,11001.0,,1.0,8.0,2,,1.0,2,,8.0,6,2.0,2.0,2.0,8.0,3.0,8.0,8.0,8.0,8.0,5.0,3.0,0.0,10.0,7.0,1.0,2.0
5213,8371900,2,1,2,"333,2241012",2,3,1,1,56,2,2.0,1.0,1.0,1,,,,,,,,,,,,,,,,,,,,,,,,,,,,,2.0,3.0,11.0,11001.0,,1.0,3.0,11.0,11001.0,,1.0,1.0,2,,9.0,3,,9.0,6,2.0,2.0,2.0,5.0,3.0,8.0,8.0,6.0,8.0,3.0,0.0,0.0,10.0,7.0,2.0,1.0
5389,8371962,1,1,1,"767,7853827",1,3,1,1,30,1,2.0,1.0,2.0,1,,,,,,,,,,,,,,,,,,,,,,,,,,,,,2.0,3.0,11.0,11001.0,,1.0,3.0,11.0,11001.0,,1.0,1.0,2,,2.0,2,,2.0,6,1.0,,1.0,7.0,7.0,8.0,8.0,8.0,7.0,7.0,7.0,4.0,9.0,8.0,2.0,1.0
5390,8371962,2,1,2,"767,7853827",2,3,2,1,26,2,2.0,1.0,1.0,2,23.0,23001.0,,,,,,,,,,,,,,,,,,,,,,,,,,,2.0,3.0,11.0,11001.0,,1.0,3.0,11.0,11001.0,,1.0,1.0,2,,3.0,2,,3.0,6,1.0,,1.0,7.0,8.0,8.0,8.0,8.0,7.0,8.0,5.0,5.0,9.0,10.0,1.0,2.0
6586,8372509,3,1,3,"613,7163658",3,3,2,1,24,3,5.0,,,1,,,,,,,,,,,,,,,,,,,,,,,,,,,,,2.0,2.0,,,,1.0,3.0,11.0,11001.0,,1.0,12.0,1,1.0,,1,2.0,,6,2.0,2.0,2.0,8.0,99.0,8.0,8.0,8.0,8.0,6.0,3.0,2.0,4.0,4.0,1.0,2.0
6812,8372620,4,1,4,"7,597658359",4,3,2,1,18,14,5.0,,,2,13.0,13212.0,,,,,,,,,,,,,,,,,,,,,,,,,,,2.0,3.0,11.0,11001.0,,1.0,3.0,11.0,11001.0,,1.0,7.0,2,,4.0,2,,4.0,6,2.0,2.0,1.0,7.0,6.0,8.0,7.0,8.0,7.0,8.0,0.0,0.0,10.0,8.0,1.0,2.0
7849,8373089,1,1,1,"138,2256928",1,3,2,1,40,1,1.0,1.0,2.0,2,15.0,15861.0,,,,,,,,,,,,,,,,,,,,,,,,,,,2.0,3.0,15.0,15861.0,,2.0,3.0,11.0,11001.0,,2.0,1.0,2,,1.0,2,,1.0,6,1.0,,1.0,5.0,2.0,2.0,2.0,2.0,5.0,5.0,3.0,6.0,8.0,6.0,1.0,2.0
7850,8373089,2,1,2,"138,2256928",2,3,1,1,40,2,1.0,1.0,1.0,2,68.0,68547.0,,,,,,,,,,,,,,,,,,,,,,,,,,,2.0,3.0,15.0,15238.0,,2.0,3.0,11.0,11001.0,,2.0,1.0,2,,1.0,2,,1.0,6,1.0,,2.0,9.0,8.0,8.0,7.0,8.0,8.0,8.0,6.0,7.0,8.0,5.0,2.0,1.0
9153,8375917,1,1,1,"84,66539973",1,3,2,1,51,1,2.0,1.0,2.0,2,25.0,25377.0,,,,,,,,,,,,,,,,,,,,,,,,,,,2.0,3.0,11.0,11001.0,,1.0,3.0,11.0,11001.0,,1.0,8.0,3,,4.0,3,,4.0,6,2.0,2.0,1.0,8.0,99.0,9.0,10.0,3.0,3.0,6.0,1.0,0.0,7.0,8.0,1.0,2.0
9154,8375917,2,1,2,"84,66539973",2,3,1,1,28,2,2.0,1.0,1.0,2,23.0,23300.0,,,,,,,,,,,,,,,,,,,,,,,,,,,2.0,3.0,11.0,11001.0,,1.0,3.0,11.0,11001.0,,1.0,1.0,2,,9.0,2,,9.0,6,1.0,,1.0,9.0,9.0,10.0,10.0,8.0,6.0,8.0,0.0,0.0,9.0,9.0,2.0,1.0
9728,8376163,2,1,2,"106,9268911",2,3,2,1,47,3,5.0,,,1,,,,,,,,,,,,,,,,,,,,,,,,,,,,,2.0,3.0,13.0,13001.0,,1.0,3.0,11.0,11001.0,,1.0,3.0,2,,2.0,1,1.0,,6,2.0,2.0,2.0,10.0,2.0,8.0,3.0,2.0,9.0,9.0,2.0,2.0,9.0,8.0,1.0,2.0
10343,8376452,1,1,1,"116,4687892",1,3,2,1,64,1,4.0,,,1,,,,,,,,,,,,,,,,,,,,,,,,,,,,,2.0,3.0,11.0,11001.0,,1.0,3.0,11.0,11001.0,,1.0,11.0,3,,1.0,3,,1.0,6,1.0,,1.0,7.0,6.0,7.0,7.0,7.0,7.0,7.0,5.0,3.0,6.0,6.0,1.0,2.0
10740,8376649,1,1,1,"298,6173271",1,3,2,1,42,1,4.0,,,2,68.0,68147.0,,,,,,,,,,,,,,,,,,,,,,,,,,,2.0,3.0,11.0,11001.0,,1.0,3.0,11.0,11001.0,,1.0,1.0,3,,9.0,3,,9.0,6,2.0,2.0,2.0,10.0,7.0,10.0,10.0,8.0,8.0,10.0,1.0,0.0,10.0,9.0,1.0,2.0
10818,8376681,1,1,1,"39,51353323",1,3,2,1,44,1,1.0,2.0,,2,11.0,11001.0,,,,,,,,,,,,,,,,,,,,,,,,,,,2.0,3.0,11.0,11001.0,,1.0,3.0,11.0,11001.0,,1.0,11.0,2,,10.0,2,,1.0,6,2.0,2.0,2.0,3.0,4.0,2.0,8.0,3.0,2.0,8.0,3.0,2.0,6.0,6.0,1.0,2.0
10911,8376722,1,1,1,"44,23373706",1,3,1,1,68,1,4.0,,,2,15.0,15001.0,,,,,,,,,,,,,,,,,,,,,,,,,,,2.0,3.0,11.0,11001.0,,1.0,3.0,11.0,11001.0,,1.0,1.0,3,,1.0,3,,2.0,6,1.0,,1.0,8.0,8.0,10.0,7.0,8.0,8.0,7.0,3.0,1.0,10.0,7.0,2.0,1.0
11952,8377170,2,1,2,"27,96603531",2,3,2,1,18,3,4.0,,,2,11.0,11001.0,,,,,,,,,,,,,,,,,,,,,,,,,,,2.0,3.0,11.0,11001.0,,1.0,3.0,11.0,11001.0,,1.0,8.0,2,,4.0,1,1.0,,6,2.0,2.0,1.0,8.0,0.0,7.0,7.0,7.0,7.0,7.0,7.0,7.0,8.0,9.0,1.0,2.0
12202,8377279,2,1,2,"338,001687",2,3,2,1,41,2,6.0,1.0,1.0,1,,,,,,,,,,,,,,,,,,,,,,,,,,,,,2.0,3.0,11.0,11001.0,,2.0,3.0,11.0,11001.0,,2.0,1.0,2,,5.0,2,,4.0,6,1.0,,1.0,10.0,10.0,10.0,10.0,10.0,10.0,10.0,0.0,0.0,10.0,10.0,1.0,2.0
12562,8377442,1,1,1,"44,86270168",1,3,1,1,79,1,3.0,,,2,25.0,25885.0,,,,,,,,,,,,,,,,,,,,,,,,,,,2.0,3.0,11.0,11001.0,,1.0,3.0,11.0,11001.0,,1.0,11.0,3,,1.0,3,,1.0,6,1.0,,1.0,7.0,9.0,9.0,8.0,7.0,7.0,5.0,3.0,2.0,8.0,9.0,2.0,1.0
12707,8377514,4,1,4,"50,5490328",4,3,2,1,54,10,5.0,,,2,25.0,25815.0,,,,,,,,,,,,,,,,,,,,,,,,,,,2.0,3.0,11.0,11001.0,,1.0,3.0,11.0,11001.0,,1.0,1.0,2,,3.0,2,,2.0,6,2.0,2.0,2.0,10.0,10.0,8.0,7.0,8.0,10.0,10.0,0.0,0.0,10.0,10.0,1.0,2.0
14333,8378222,1,1,1,"1184,499355",1,3,2,1,35,1,2.0,1.0,2.0,2,11.0,11001.0,,,,,,,,,,,,,,,,,,,,,,,,,,,2.0,3.0,11.0,11001.0,,1.0,3.0,11.0,11001.0,,1.0,1.0,2,,3.0,2,,3.0,6,2.0,2.0,2.0,6.0,7.0,7.0,6.0,7.0,7.0,6.0,4.0,4.0,8.0,5.0,1.0,2.0
14334,8378222,2,1,2,"1184,499355",2,3,1,1,41,2,2.0,1.0,1.0,2,73.0,73870.0,,,,,,,,,,,,,,,,,,,,,,,,,,,2.0,3.0,11.0,11001.0,,1.0,3.0,11.0,11001.0,,1.0,1.0,3,,2.0,2,,10.0,6,2.0,2.0,2.0,7.0,7.0,6.0,6.0,4.0,5.0,5.0,5.0,3.0,7.0,6.0,2.0,1.0
14383,8378242,1,1,1,"910,4999523",1,3,1,1,26,1,5.0,,,2,25.0,25290.0,,,,,,,,,,,,,,,,,,,,,,,,,,,2.0,3.0,11.0,11001.0,,1.0,3.0,11.0,11001.0,,1.0,1.0,2,,6.0,2,,3.0,6,2.0,2.0,2.0,7.0,8.0,8.0,8.0,7.0,7.0,8.0,0.0,0.0,10.0,8.0,2.0,1.0
17664,8379588,5,1,5,"27,68696381",5,3,2,1,63,5,4.0,,,2,18.0,18001.0,,,,,,,,,,,,,,,,,,,,,,,,,,,2.0,3.0,11.0,11001.0,,1.0,3.0,11.0,11001.0,,1.0,8.0,3,,1.0,3,,3.0,6,1.0,,1.0,8.0,10.0,3.0,10.0,8.0,8.0,10.0,0.0,0.0,10.0,9.0,1.0,2.0
18099,8379764,1,1,1,"47,9619749",1,3,1,1,21,1,5.0,,,2,11.0,11001.0,,,,,,,,,,,,,,,,,,,,,,,,,,,2.0,3.0,11.0,11001.0,,1.0,3.0,11.0,11001.0,,1.0,1.0,2,,1.0,2,,1.0,6,2.0,2.0,1.0,10.0,10.0,10.0,10.0,10.0,10.0,10.0,0.0,0.0,10.0,10.0,2.0,1.0
23323,8381988,1,1,1,"1184,960424",1,3,2,1,42,1,2.0,1.0,2.0,2,11.0,11001.0,,,,,,,,,,,,,,,,,,,,,,,,,,,2.0,3.0,11.0,11001.0,,1.0,3.0,11.0,11001.0,,1.0,1.0,2,,8.0,2,,4.0,6,2.0,2.0,2.0,10.0,9.0,9.0,9.0,9.0,9.0,9.0,1.0,0.0,10.0,10.0,1.0,2.0
23324,8381988,2,1,2,"1184,960424",2,3,1,1,34,2,2.0,1.0,1.0,2,11.0,11001.0,,,,,,,,,,,,,,,,,,,,,,,,,,,2.0,3.0,11.0,11001.0,,1.0,3.0,11.0,11001.0,,1.0,1.0,2,,4.0,2,,4.0,6,2.0,2.0,2.0,10.0,10.0,10.0,10.0,10.0,9.0,10.0,0.0,0.0,10.0,10.0,2.0,1.0
23788,8382182,2,1,2,"75,94309779",2,11,2,1,30,2,2.0,1.0,1.0,3,,,3.0,3.0,,,,,,,,,,,,,,,,1.0,,,,,,,,,,4.0,,,3.0,,3.0,11.0,11001.0,,1.0,1.0,2,,1.0,2,,1.0,6,2.0,2.0,2.0,10.0,8.0,10.0,10.0,10.0,10.0,9.0,0.0,0.0,10.0,10.0,1.0,2.0
23793,8382186,1,1,1,"68,06547811",1,3,1,1,40,1,6.0,1.0,2.0,2,11.0,11001.0,,,,,,,,,,,,,,,,,,,,,,,,,,,2.0,3.0,11.0,11001.0,,1.0,3.0,11.0,11001.0,,1.0,11.0,2,,4.0,3,,4.0,6,2.0,2.0,2.0,10.0,99.0,10.0,10.0,0.0,3.0,10.0,1.0,0.0,10.0,8.0,2.0,1.0
23794,8382186,2,1,2,"68,06547811",2,3,2,1,45,2,6.0,1.0,1.0,2,17.0,17050.0,,,,,,,,,,,,,,,,,,,,,,,,,,,2.0,3.0,11.0,11001.0,,1.0,3.0,11.0,11001.0,,1.0,11.0,2,,2.0,2,,2.0,6,2.0,1.0,2.0,7.0,99.0,6.0,10.0,0.0,6.0,6.0,4.0,0.0,10.0,7.0,1.0,2.0
24794,8382647,1,1,1,"214,9497458",1,3,1,1,67,1,2.0,1.0,2.0,2,73.0,73547.0,,,,,,,,,,,,,,,,,,,,,,,,,,,2.0,3.0,11.0,11001.0,,1.0,3.0,11.0,11001.0,,1.0,3.0,3,,9.0,3,,9.0,6,2.0,2.0,2.0,7.0,8.0,5.0,7.0,6.0,5.0,5.0,10.0,6.0,7.0,7.0,2.0,1.0
24795,8382647,2,1,2,"214,9497458",1,3,2,1,58,2,2.0,1.0,1.0,2,73.0,73268.0,,,,,,,,,,,,,,,,,,,,,,,,,,,2.0,3.0,11.0,11001.0,,1.0,3.0,11.0,11001.0,,1.0,3.0,3,,9.0,3,,9.0,6,2.0,2.0,2.0,4.0,99.0,4.0,7.0,1.0,3.0,3.0,1.0,2.0,3.0,5.0,1.0,2.0
27613,8383889,1,1,1,"56,95417302",1,4,1,1,58,1,6.0,1.0,2.0,3,,,11.0,3.0,,,,,,,,,,,,,,,,,,,,,,,,1.0,,3.0,11.0,11001.0,,1.0,3.0,11.0,11001.0,,1.0,11.0,2,,4.0,2,,1.0,6,2.0,2.0,2.0,8.0,8.0,8.0,8.0,8.0,8.0,8.0,3.0,2.0,7.0,8.0,2.0,1.0
27614,8383889,2,1,2,"56,95417302",2,3,2,1,48,2,6.0,1.0,1.0,2,11.0,11001.0,,,,,,,,,,,,,,,,,,,,,,,,,,,2.0,3.0,11.0,11001.0,,1.0,3.0,11.0,11001.0,,1.0,11.0,3,,9.0,2,,4.0,6,2.0,2.0,2.0,9.0,9.0,9.0,9.0,9.0,8.0,9.0,2.0,1.0,8.0,10.0,1.0,2.0
28141,8384130,6,1,6,"176,3651632",6,3,1,1,26,9,4.0,,,1,,,,,,,,,,,,,,,,,,,,,,,,,,,,,2.0,3.0,50.0,50313.0,,1.0,3.0,11.0,11001.0,,1.0,11.0,1,5.0,,2,,10.0,6,2.0,2.0,2.0,1.0,1.0,4.0,8.0,5.0,8.0,6.0,8.0,4.0,7.0,7.0,2.0,1.0
28145,8384132,1,1,1,"148,1544893",1,3,1,1,52,1,6.0,1.0,2.0,2,76.0,76111.0,,,,,,,,,,,,,,,,,,,,,,,,,,,2.0,3.0,11.0,11001.0,,1.0,3.0,11.0,11001.0,,1.0,12.0,2,,1.0,2,,1.0,6,2.0,1.0,2.0,8.0,8.0,8.0,0.0,8.0,8.0,8.0,3.0,2.0,8.0,8.0,2.0,1.0
28146,8384132,2,1,2,"148,1544893",2,3,2,1,53,2,6.0,1.0,1.0,2,68.0,68385.0,,,,,,,,,,,,,,,,,,,,,,,,,,,2.0,3.0,11.0,11001.0,,1.0,3.0,11.0,11001.0,,1.0,11.0,2,,9.0,2,,9.0,6,1.0,,2.0,8.0,99.0,8.0,2.0,8.0,8.0,5.0,5.0,5.0,8.0,8.0,1.0,2.0
28628,8384340,1,1,1,"111,299099",1,3,2,1,42,1,4.0,,,2,81.0,81736.0,,,,,,,,,,,,,,,,,,,,,,,,,,,2.0,3.0,11.0,11001.0,,1.0,3.0,11.0,11001.0,,1.0,8.0,3,,1.0,2,,7.0,6,2.0,2.0,2.0,9.0,9.0,9.0,9.0,9.0,8.0,8.0,0.0,0.0,10.0,9.0,1.0,2.0
30587,8385457,1,1,1,"204,72469",1,3,1,1,47,1,6.0,2.0,,2,11.0,11001.0,,,,,,,,,,,,,,,,,,,,,,,,,,,2.0,3.0,11.0,11001.0,,1.0,3.0,11.0,11001.0,,1.0,1.0,2,,4.0,2,,4.0,6,2.0,2.0,2.0,8.0,8.0,8.0,8.0,8.0,8.0,9.0,2.0,0.0,10.0,9.0,2.0,1.0
30776,8385547,2,1,2,"185,9821022",2,3,1,1,19,3,5.0,,,2,11.0,11001.0,,,,,,,,,,,,,,,,,,,,,,,,,,,2.0,3.0,73.0,73001.0,,1.0,3.0,11.0,11001.0,,1.0,2.0,2,,4.0,1,1.0,,6,1.0,,1.0,7.0,0.0,8.0,6.0,10.0,10.0,8.0,3.0,0.0,2.0,5.0,2.0,1.0
30789,8385553,1,1,1,"143,6144421",1,3,2,1,34,1,4.0,,,2,76.0,76001.0,,,,,,,,,,,,,,,,,,,,,,,,,,,2.0,3.0,11.0,11001.0,,1.0,3.0,11.0,11001.0,,1.0,11.0,2,,2.0,2,,1.0,6,2.0,2.0,2.0,9.0,7.0,10.0,7.0,8.0,10.0,10.0,1.0,0.0,10.0,8.0,1.0,2.0
31034,8385665,1,1,1,"115,2218233",1,3,2,1,22,1,2.0,1.0,2.0,2,11.0,11001.0,,,,,,,,,,,,,,,,,,,,,,,,,,,2.0,3.0,11.0,11001.0,,1.0,3.0,11.0,11001.0,,1.0,8.0,2,,4.0,2,,4.0,6,2.0,2.0,2.0,10.0,6.0,9.0,8.0,6.0,7.0,9.0,4.0,4.0,8.0,8.0,1.0,2.0
34388,8387082,1,1,1,"80,90029036",1,3,2,1,78,1,5.0,,,2,41.0,41396.0,,,,,,,,,,,,,,,,,,,,,,,,,,,2.0,3.0,11.0,11001.0,,1.0,3.0,11.0,11001.0,,1.0,3.0,3,,2.0,3,,2.0,6,1.0,,1.0,10.0,99.0,10.0,10.0,10.0,10.0,10.0,0.0,0.0,10.0,10.0,1.0,2.0
34815,8387306,1,1,1,"54,05929559",1,3,1,1,25,1,2.0,1.0,2.0,2,68.0,68077.0,,,,,,,,,,,,,,,,,,,,,,,,,,,2.0,3.0,11.0,11001.0,,1.0,3.0,11.0,11001.0,,1.0,1.0,2,,2.0,2,,1.0,6,1.0,,1.0,9.0,8.0,9.0,9.0,8.0,7.0,9.0,1.0,0.0,9.0,9.0,2.0,1.0
34816,8387306,2,1,2,"54,05929559",2,3,2,1,26,2,2.0,1.0,1.0,2,68.0,68190.0,,,,,,,,,,,,,,,,,,,,,,,,,,,2.0,3.0,11.0,11001.0,,1.0,3.0,11.0,11001.0,,1.0,1.0,2,,2.0,2,,2.0,6,1.0,,1.0,10.0,7.0,8.0,9.0,8.0,7.0,10.0,1.0,0.0,9.0,9.0,1.0,2.0
35284,8387492,1,1,1,"543,8280882",1,3,2,1,43,1,5.0,,,2,11.0,11001.0,,,,,,,,,,,,,,,,,,,,,,,,,,,2.0,2.0,,,,1.0,3.0,11.0,11001.0,,1.0,1.0,2,,4.0,2,,4.0,6,2.0,2.0,2.0,7.0,0.0,8.0,8.0,8.0,7.0,10.0,10.0,3.0,10.0,9.0,1.0,2.0
36146,8387864,1,1,1,"103,5106885",1,11,1,1,26,1,2.0,1.0,2.0,3,,,3.0,3.0,,,,,,,,,,,,,,,,1.0,,,,,,,,,,2.0,,,,2.0,3.0,11.0,11001.0,,2.0,1.0,2,,3.0,2,,10.0,6,1.0,,1.0,7.0,5.0,4.0,2.0,10.0,3.0,2.0,10.0,6.0,10.0,7.0,9.0,1.0
36147,8387864,2,1,2,"103,5106885",2,3,2,1,43,2,2.0,1.0,1.0,2,17.0,17380.0,,,,,,,,,,,,,,,,,,,,,,,,,,,2.0,3.0,11.0,11001.0,,1.0,3.0,11.0,11001.0,,1.0,8.0,3,,9.0,2,,9.0,6,1.0,,1.0,7.0,99.0,8.0,8.0,0.0,7.0,9.0,0.0,0.0,10.0,1.0,1.0,2.0
37517,8388487,1,1,1,"9,924560938",1,3,1,1,52,1,6.0,1.0,2.0,2,63.0,63001.0,,,,,,,,,,,,,,,,,,,,,,,,,,,2.0,3.0,11.0,11001.0,,1.0,3.0,11.0,11001.0,,1.0,11.0,3,,1.0,3,,1.0,6,2.0,2.0,2.0,9.0,7.0,9.0,8.0,8.0,8.0,9.0,2.0,2.0,10.0,9.0,2.0,1.0
37518,8388487,2,1,2,"9,924560938",2,3,2,1,49,2,6.0,1.0,1.0,2,11.0,11001.0,,,,,,,,,,,,,,,,,,,,,,,,,,,2.0,3.0,11.0,11001.0,,1.0,3.0,11.0,11001.0,,1.0,8.0,3,,1.0,2,,1.0,6,2.0,2.0,2.0,10.0,7.0,10.0,8.0,9.0,5.0,10.0,10.0,2.0,10.0,8.0,1.0,2.0
41627,8390174,5,1,5,"56,95417302",5,3,2,1,30,3,4.0,,,1,,,,,,,,,,,,,,,,,,,,,,,,,,,,,2.0,3.0,11.0,11001.0,,1.0,3.0,11.0,11001.0,,1.0,7.0,1,2.0,,1,1.0,,6,1.0,,1.0,7.0,8.0,8.0,8.0,8.0,8.0,8.0,5.0,9.0,9.0,9.0,1.0,2.0
41968,8390317,1,1,1,"10,98341144",1,3,2,1,35,1,4.0,,,1,,,,,,,,,,,,,,,,,,,,,,,,,,,,,2.0,3.0,11.0,11001.0,,1.0,3.0,11.0,11001.0,,1.0,1.0,2,,10.0,2,,4.0,6,2.0,2.0,2.0,6.0,7.0,8.0,7.0,7.0,6.0,7.0,7.0,8.0,8.0,8.0,2.0,2.0
43617,8390978,1,1,1,"49,80496776",1,3,2,1,43,1,1.0,1.0,2.0,2,73.0,73555.0,,,,,,,,,,,,,,,,,,,,,,,,,,,2.0,3.0,11.0,11001.0,,1.0,3.0,11.0,11001.0,,1.0,7.0,3,,10.0,2,,2.0,6,2.0,2.0,1.0,10.0,99.0,8.0,9.0,8.0,8.0,10.0,0.0,0.0,10.0,10.0,1.0,2.0
43971,8391131,4,1,4,"179,1354491",4,3,2,1,37,3,4.0,,,1,,,,,,,,,,,,,,,,,,,,,,,,,,,,,2.0,3.0,11.0,11001.0,,1.0,3.0,11.0,11001.0,,1.0,8.0,1,1.0,,1,2.0,,6,1.0,,2.0,6.0,99.0,8.0,10.0,7.0,7.0,6.0,6.0,7.0,7.0,7.0,1.0,2.0
44538,8391446,2,1,2,"5,54199875",2,3,2,1,29,2,2.0,1.0,1.0,2,11.0,11001.0,,,,,,,,,,,,,,,,,,,,,,,,,,,2.0,3.0,11.0,11001.0,,1.0,3.0,11.0,11001.0,,1.0,1.0,2,,3.0,2,,2.0,6,2.0,2.0,2.0,10.0,10.0,10.0,10.0,10.0,10.0,10.0,0.0,0.0,10.0,10.0,2.0,2.0
46854,8392536,1,1,1,"773,6218041",1,3,1,1,32,1,2.0,1.0,2.0,2,13.0,13074.0,,,,,,,,,,,,,,,,,,,,,,,,,,,2.0,3.0,11.0,11001.0,,1.0,3.0,11.0,11001.0,,1.0,11.0,2,,2.0,2,,2.0,6,1.0,,1.0,10.0,6.0,7.0,10.0,10.0,10.0,2.0,2.0,2.0,10.0,10.0,2.0,1.0
46855,8392536,2,1,2,"773,6218041",2,3,2,1,23,2,2.0,1.0,1.0,1,,,,,,,,,,,,,,,,,,,,,,,,,,,,,2.0,3.0,11.0,11001.0,,1.0,3.0,11.0,11001.0,,1.0,11.0,2,,2.0,2,,1.0,6,1.0,,1.0,10.0,99.0,8.0,10.0,9.0,10.0,10.0,8.0,0.0,10.0,10.0,1.0,2.0
48341,8393049,1,1,1,"71,99068644",1,4,1,1,34,1,4.0,,,3,,,3.0,3.0,,,,,,,,,,,,,,,,1.0,,,,,,,,,,3.0,44.0,44430.0,,1.0,3.0,11.0,11001.0,,1.0,4.0,3,,3.0,3,,4.0,6,1.0,,1.0,8.0,10.0,10.0,10.0,9.0,9.0,9.0,0.0,0.0,9.0,7.0,2.0,1.0
50296,8393967,1,1,1,"108,8921075",1,3,2,1,43,1,4.0,,,2,54.0,54660.0,,,,,,,,,,,,,,,,,,,,,,,,,,,2.0,3.0,11.0,11001.0,,1.0,3.0,11.0,11001.0,,1.0,1.0,2,,2.0,2,,2.0,6,1.0,,2.0,10.0,99.0,8.0,9.0,9.0,9.0,9.0,0.0,0.0,8.0,8.0,1.0,2.0
50440,8394030,2,1,2,"97,33746047",2,3,1,1,20,12,5.0,,,2,11.0,11001.0,,,,,,,,,,,,,,,,,,,,,,,,,,,2.0,3.0,11.0,11001.0,,1.0,3.0,11.0,11001.0,,1.0,1.0,2,,10.0,3,,1.0,6,2.0,2.0,2.0,10.0,10.0,10.0,10.0,10.0,10.0,10.0,0.0,0.0,10.0,10.0,2.0,1.0
51258,8394362,2,1,2,"17,72645282",2,3,1,1,45,3,4.0,,,1,,,,,,,,,,,,,,,,,,,,,,,,,,,,,2.0,3.0,11.0,11001.0,,1.0,3.0,11.0,11001.0,,1.0,3.0,2,,1.0,1,1.0,,6,1.0,,1.0,8.0,99.0,6.0,10.0,4.0,7.0,8.0,2.0,1.0,10.0,8.0,2.0,1.0
56083,8398689,1,1,1,"1046,373176",1,3,2,1,37,1,6.0,1.0,2.0,2,68.0,68432.0,,,,,,,,,,,,,,,,,,,,,,,,,,,2.0,3.0,11.0,11001.0,,1.0,3.0,11.0,11001.0,,1.0,1.0,3,,1.0,2,,2.0,6,1.0,,2.0,5.0,8.0,5.0,8.0,10.0,7.0,10.0,5.0,5.0,10.0,10.0,2.0,2.0
56682,8398932,2,1,2,"144,7603534",2,3,2,1,23,2,2.0,1.0,1.0,2,11.0,11001.0,,,,,,,,,,,,,,,,,,,,,,,,,,,2.0,3.0,11.0,11001.0,,1.0,3.0,11.0,11001.0,,1.0,8.0,2,,4.0,2,,4.0,6,2.0,2.0,1.0,8.0,7.0,10.0,10.0,9.0,9.0,8.0,2.0,0.0,10.0,8.0,1.0,2.0
57892,8399472,1,1,1,"555,1290456",1,3,1,1,40,1,6.0,1.0,2.0,2,50.0,50606.0,,,,,,,,,,,,,,,,,,,,,,,,,,,2.0,3.0,88.0,88001.0,,1.0,3.0,11.0,11001.0,,1.0,1.0,3,,2.0,2,,2.0,6,2.0,2.0,2.0,7.0,7.0,8.0,7.0,8.0,6.0,9.0,1.0,2.0,8.0,9.0,2.0,1.0
57893,8399472,2,1,2,"555,1290456",2,3,2,1,40,2,6.0,1.0,1.0,2,54.0,54344.0,,,,,,,,,,,,,,,,,,,,,,,,,,,2.0,3.0,88.0,88001.0,,1.0,3.0,11.0,11001.0,,1.0,8.0,3,,8.0,2,,4.0,6,2.0,2.0,2.0,8.0,6.0,8.0,9.0,10.0,6.0,8.0,2.0,1.0,8.0,9.0,1.0,2.0
58974,8399876,1,1,1,"43,48533253",1,3,1,1,24,1,2.0,1.0,2.0,2,11.0,11001.0,,,,,,,,,,,,,,,,,,,,,,,,,,,2.0,2.0,,,,1.0,3.0,11.0,11001.0,,1.0,1.0,2,,4.0,2,,4.0,6,2.0,2.0,9.0,9.0,7.0,8.0,8.0,8.0,4.0,5.0,5.0,4.0,9.0,8.0,2.0,1.0
61230,8400766,1,1,1,"107,4465737",1,3,2,1,51,1,2.0,1.0,2.0,1,,,,,,,,,,,,,,,,,,,,,,,,,,,,,2.0,3.0,86.0,86568.0,,1.0,3.0,11.0,11001.0,,1.0,8.0,2,,1.0,3,,1.0,6,1.0,,1.0,8.0,8.0,8.0,8.0,8.0,8.0,8.0,1.0,2.0,8.0,8.0,1.0,2.0
61231,8400766,2,1,2,"107,4465737",2,3,1,1,55,2,2.0,1.0,1.0,2,86.0,86568.0,,,,,,,,,,,,,,,,,,,,,,,,,,,2.0,3.0,86.0,86568.0,,1.0,3.0,11.0,11001.0,,1.0,11.0,3,,1.0,3,,1.0,6,1.0,,1.0,8.0,8.0,8.0,9.0,8.0,8.0,9.0,2.0,2.0,9.0,9.0,2.0,1.0
61232,8400766,3,1,3,"107,4465737",3,3,1,1,21,3,2.0,1.0,4.0,2,86.0,86568.0,,,,,,,,,,,,,,,,,,,,,,,,,,,2.0,3.0,86.0,86568.0,,1.0,3.0,11.0,11001.0,,1.0,8.0,1,2.0,,1,1.0,,6,1.0,,1.0,9.0,9.0,9.0,9.0,9.0,9.0,9.0,1.0,2.0,9.0,9.0,2.0,1.0
61233,8400766,4,1,4,"107,4465737",4,3,2,1,21,8,2.0,1.0,3.0,1,,,,,,,,,,,,,,,,,,,,,,,,,,,,,2.0,2.0,,,,2.0,3.0,11.0,11001.0,,2.0,8.0,2,,2.0,2,,1.0,6,1.0,,1.0,9.0,9.0,9.0,10.0,9.0,9.0,9.0,1.0,1.0,9.0,9.0,1.0,2.0
61505,8400885,1,1,1,"16,26010486",1,3,1,1,57,1,2.0,1.0,2.0,2,73.0,73268.0,,,,,,,,,,,,,,,,,,,,,,,,,,,2.0,3.0,11.0,11001.0,,1.0,3.0,11.0,11001.0,,1.0,1.0,2,,9.0,2,,9.0,6,1.0,,1.0,7.0,7.0,9.0,7.0,7.0,9.0,7.0,8.0,8.0,8.0,7.0,2.0,1.0
61506,8400885,2,1,2,"16,26010486",2,3,2,1,47,2,2.0,1.0,1.0,2,73.0,73349.0,,,,,,,,,,,,,,,,,,,,,,,,,,,2.0,3.0,11.0,11001.0,,1.0,3.0,11.0,11001.0,,1.0,1.0,3,,2.0,2,,2.0,6,1.0,,1.0,9.0,99.0,7.0,10.0,9.0,10.0,10.0,0.0,0.0,10.0,8.0,1.0,2.0
64023,8401862,1,1,1,"1045,808795",1,3,1,1,23,1,5.0,,,2,15.0,15176.0,,,,,,,,,,,,,,,,,,,,,,,,,,,2.0,3.0,11.0,11001.0,,1.0,3.0,11.0,11001.0,,1.0,1.0,2,,4.0,2,,4.0,6,2.0,2.0,2.0,8.0,9.0,7.0,7.0,7.0,6.0,7.0,3.0,4.0,4.0,7.0,2.0,1.0
64344,8402007,1,1,1,"12,96402662",1,3,2,1,21,1,5.0,,,2,11.0,11001.0,,,,,,,,,,,,,,,,,,,,,,,,,,,2.0,3.0,11.0,11001.0,,1.0,3.0,11.0,11001.0,,1.0,2.0,2,,5.0,2,,7.0,6,2.0,2.0,2.0,8.0,9.0,8.0,9.0,6.0,8.0,8.0,6.0,5.0,8.0,8.0,1.0,2.0
65476,8402465,1,1,1,"274,838111",1,3,2,1,21,1,4.0,,,2,25.0,25878.0,,,,,,,,,,,,,,,,,,,,,,,,,,,2.0,3.0,11.0,11001.0,,1.0,3.0,11.0,11001.0,,1.0,11.0,2,,1.0,2,,1.0,5,2.0,2.0,2.0,5.0,5.0,7.0,8.0,5.0,8.0,7.0,8.0,8.0,8.0,6.0,1.0,2.0
70048,8404301,1,1,1,"153,4227017",1,3,2,1,32,1,4.0,,,1,,,,,,,,,,,,,,,,,,,,,,,,,,,,,2.0,3.0,11.0,11001.0,,1.0,3.0,11.0,11001.0,,1.0,3.0,2,,10.0,2,,1.0,6,1.0,,1.0,9.0,5.0,10.0,3.0,6.0,9.0,10.0,1.0,1.0,9.0,9.0,1.0,2.0
70059,8404305,1,1,1,"123,7242225",1,3,1,1,57,1,2.0,1.0,2.0,1,,,,,,,,,,,,,,,,,,,,,,,,,,,,,2.0,3.0,11.0,11001.0,,1.0,3.0,11.0,11001.0,,1.0,1.0,3,,9.0,3,,9.0,6,1.0,,1.0,8.0,5.0,9.0,9.0,8.0,8.0,9.0,0.0,0.0,10.0,7.0,2.0,1.0
70060,8404305,2,1,2,"123,7242225",2,3,2,1,37,2,2.0,1.0,1.0,2,73.0,73168.0,,,,,,,,,,,,,,,,,,,,,,,,,,,2.0,3.0,11.0,11001.0,,1.0,3.0,11.0,11001.0,,1.0,8.0,2,,2.0,3,,1.0,6,2.0,2.0,1.0,10.0,99.0,9.0,10.0,8.0,9.0,8.0,0.0,0.0,10.0,6.0,1.0,2.0
72710,8405397,1,1,1,"563,6280273",1,3,1,1,31,1,5.0,,,2,11.0,11001.0,,,,,,,,,,,,,,,,,,,,,,,,,,,2.0,3.0,11.0,11001.0,,1.0,3.0,11.0,11001.0,,1.0,1.0,2,,3.0,2,,4.0,6,2.0,2.0,2.0,7.0,7.0,8.0,7.0,7.0,7.0,7.0,2.0,2.0,8.0,8.0,2.0,1.0
73945,8405889,2,1,2,"316,9815245",2,3,2,1,47,2,2.0,1.0,1.0,2,15.0,15580.0,,,,,,,,,,,,,,,,,,,,,,,,,,,2.0,2.0,,,,1.0,3.0,11.0,11001.0,,1.0,1.0,2,,9.0,2,,9.0,6,2.0,2.0,2.0,8.0,99.0,8.0,8.0,8.0,8.0,7.0,5.0,0.0,8.0,8.0,1.0,2.0
73948,8405889,5,1,5,"316,9815245",5,3,1,1,19,3,5.0,,,2,15.0,15580.0,,,,,,,,,,,,,,,,,,,,,,,,,,,2.0,2.0,,,,1.0,3.0,11.0,11001.0,,1.0,1.0,1,1.0,,1,2.0,,6,2.0,2.0,2.0,8.0,7.0,8.0,8.0,8.0,8.0,8.0,0.0,0.0,8.0,7.0,2.0,1.0
74339,8406044,1,1,1,"196,3901624",1,3,1,1,28,1,4.0,,,2,15.0,15299.0,,,,,,,,,,,,,,,,,,,,,,,,,,,2.0,3.0,85.0,85440.0,,1.0,3.0,11.0,11001.0,,1.0,1.0,2,,6.0,2,,7.0,6,2.0,2.0,1.0,10.0,8.0,9.0,5.0,10.0,7.0,10.0,0.0,0.0,10.0,6.0,2.0,1.0
75792,8406640,2,1,2,"465,3322834",1,3,2,1,91,5,3.0,,,2,11.0,11001.0,,,,,,,,,,,,,,,,,,,,,,,,,,,2.0,3.0,11.0,11001.0,,1.0,3.0,11.0,11001.0,,1.0,8.0,2,,10.0,3,,10.0,6,2.0,2.0,2.0,8.0,99.0,2.0,3.0,2.0,2.0,8.0,3.0,2.0,8.0,10.0,1.0,2.0
75793,8406640,3,1,3,"465,3322834",1,3,2,1,63,7,4.0,,,2,11.0,11001.0,,,,,,,,,,,,,,,,,,,,,,,,,,,2.0,3.0,11.0,11001.0,,1.0,3.0,11.0,11001.0,,1.0,8.0,3,,10.0,1,2.0,,6,2.0,2.0,2.0,6.0,2.0,4.0,4.0,9.0,6.0,6.0,5.0,6.0,8.0,4.0,1.0,2.0
77486,8407324,1,1,1,"951,0751657",1,3,1,1,36,1,6.0,1.0,2.0,2,25.0,25430.0,,,,,,,,,,,,,,,,,,,,,,,,,,,2.0,3.0,11.0,11001.0,,1.0,3.0,11.0,11001.0,,1.0,11.0,2,,2.0,2,,4.0,6,2.0,2.0,2.0,8.0,9.0,7.0,9.0,9.0,8.0,8.0,6.0,1.0,10.0,8.0,2.0,1.0
77487,8407324,2,1,2,"951,0751657",2,3,2,1,39,2,6.0,1.0,1.0,2,11.0,11001.0,,,,,,,,,,,,,,,,,,,,,,,,,,,2.0,3.0,11.0,11001.0,,1.0,3.0,11.0,11001.0,,1.0,11.0,3,,10.0,3,,2.0,6,2.0,2.0,2.0,8.0,8.0,8.0,8.0,8.0,8.0,9.0,6.0,2.0,8.0,6.0,1.0,2.0
77574,8407353,3,1,3,"410,5748263",3,3,1,1,32,3,4.0,,,2,11.0,11001.0,,,,,,,,,,,,,,,,,,,,,,,,,,,2.0,3.0,11.0,11001.0,,1.0,3.0,11.0,11001.0,,1.0,8.0,1,1.0,,1,2.0,,6,2.0,2.0,2.0,6.0,99.0,7.0,10.0,5.0,8.0,8.0,5.0,8.0,5.0,6.0,2.0,1.0
77832,8407468,1,1,1,"11,82082981",1,3,1,1,37,1,5.0,,,2,11.0,11001.0,,,,,,,,,,,,,,,,,,,,,,,,,,,2.0,3.0,11.0,11001.0,,1.0,3.0,11.0,11001.0,,1.0,1.0,2,,5.0,2,,5.0,6,2.0,2.0,2.0,9.0,8.0,9.0,8.0,9.0,9.0,9.0,3.0,1.0,10.0,8.0,2.0,1.0
78696,8407837,2,1,2,"183,4470564",2,3,2,1,32,3,5.0,,,1,,,,,,,,,,,,,,,,,,,,,,,,,,,,,2.0,3.0,11.0,11001.0,,1.0,3.0,11.0,11001.0,,1.0,1.0,2,,3.0,1,1.0,,6,2.0,2.0,2.0,8.0,5.0,7.0,8.0,8.0,5.0,4.0,3.0,0.0,10.0,7.0,1.0,2.0
82242,8409192,1,1,1,"172,0412989",1,3,1,1,49,1,5.0,,,2,11.0,11001.0,,,,,,,,,,,,,,,,,,,,,,,,,,,2.0,3.0,11.0,11001.0,,1.0,3.0,11.0,11001.0,,1.0,1.0,2,,10.0,2,,2.0,6,2.0,2.0,2.0,10.0,7.0,8.0,0.0,10.0,10.0,10.0,5.0,0.0,10.0,10.0,2.0,1.0
83294,8409644,1,1,1,"235,7459266",1,9,2,1,23,1,4.0,,,3,,,3.0,3.0,,,,,,,,,,,,,,,,1.0,,,,,,,,,,4.0,,,3.0,,3.0,11.0,11001.0,,1.0,1.0,2,,10.0,3,,2.0,6,2.0,2.0,2.0,6.0,6.0,9.0,9.0,7.0,9.0,7.0,2.0,2.0,10.0,7.0,1.0,2.0
83297,8409644,4,1,4,"235,7459266",4,11,1,1,25,7,4.0,,,3,,,3.0,3.0,,,,,,,,,,,,,,,,1.0,,,,,,,,,,4.0,,,3.0,,3.0,11.0,11001.0,,1.0,8.0,2,,10.0,3,,2.0,6,2.0,2.0,2.0,7.0,7.0,8.0,10.0,7.0,6.0,7.0,2.0,2.0,8.0,7.0,2.0,1.0
88424,8411726,1,1,1,"322,6479412",1,3,1,1,37,1,4.0,,,1,,,,,,,,,,,,,,,,,,,,,,,,,,,,,2.0,3.0,11.0,11001.0,,1.0,3.0,11.0,11001.0,,1.0,1.0,2,,1.0,2,,1.0,6,2.0,2.0,2.0,8.0,7.0,10.0,10.0,6.0,7.0,8.0,3.0,4.0,8.0,8.0,2.0,1.0
88477,8411747,2,1,2,"257,8799886",2,3,2,1,24,3,5.0,,,1,,,,,,,,,,,,,,,,,,,,,,,,,,,,,2.0,2.0,,,,1.0,3.0,11.0,11001.0,,1.0,1.0,2,,3.0,1,1.0,,6,2.0,2.0,2.0,10.0,8.0,10.0,10.0,7.0,10.0,10.0,0.0,0.0,10.0,8.0,1.0,2.0
88494,8411754,1,1,1,"456,6395651",1,3,1,1,31,1,5.0,,,1,,,,,,,,,,,,,,,,,,,,,,,,,,,,,2.0,3.0,15.0,15001.0,,1.0,3.0,11.0,11001.0,,1.0,1.0,2,,1.0,2,,1.0,6,1.0,,1.0,9.0,9.0,9.0,9.0,9.0,9.0,10.0,0.0,0.0,10.0,8.0,2.0,1.0
92649,8413453,1,1,1,"131,4676212",1,3,1,1,31,1,2.0,1.0,2.0,2,5.0,5197.0,,,,,,,,,,,,,,,,,,,,,,,,,,,2.0,3.0,5.0,5055.0,,2.0,3.0,11.0,11001.0,,1.0,1.0,2,,3.0,2,,2.0,6,1.0,,1.0,8.0,8.0,9.0,10.0,8.0,5.0,8.0,1.0,0.0,9.0,9.0,2.0,1.0
92650,8413453,2,1,2,"131,4676212",2,3,2,1,30,2,2.0,1.0,1.0,2,5.0,5055.0,,,,,,,,,,,,,,,,,,,,,,,,,,,2.0,3.0,5.0,5055.0,,2.0,3.0,11.0,11001.0,,1.0,1.0,2,,2.0,3,,1.0,6,1.0,,1.0,8.0,7.0,10.0,10.0,7.0,6.0,8.0,1.0,0.0,9.0,9.0,1.0,2.0
93819,8413896,4,1,4,"151,126513",4,3,2,1,23,3,1.0,1.0,5.0,1,,,,,,,,,,,,,,,,,,,,,,,,,,,,,2.0,2.0,,,,1.0,3.0,11.0,11001.0,,1.0,8.0,2,,4.0,1,1.0,,6,2.0,2.0,2.0,8.0,99.0,8.0,8.0,8.0,8.0,6.0,0.0,0.0,8.0,8.0,1.0,2.0
93820,8413896,5,1,5,"151,126513",5,3,1,1,19,8,1.0,1.0,4.0,1,,,,,,,,,,,,,,,,,,,,,,,,,,,,,2.0,2.0,,,,1.0,3.0,11.0,11001.0,,1.0,8.0,2,,1.0,2,,3.0,6,2.0,2.0,2.0,8.0,8.0,8.0,7.0,8.0,7.0,6.0,0.0,0.0,8.0,7.0,2.0,1.0
95628,8414629,1,1,1,"155,7231424",1,3,2,1,32,1,5.0,,,2,11.0,11001.0,,,,,,,,,,,,,,,,,,,,,,,,,,,2.0,3.0,11.0,11001.0,,1.0,3.0,11.0,11001.0,,1.0,8.0,2,,1.0,2,,1.0,6,1.0,,1.0,8.0,4.0,4.0,8.0,6.0,6.0,6.0,3.0,4.0,7.0,6.0,1.0,2.0
97929,8415607,1,1,1,"203,4346832",1,11,2,1,22,1,2.0,1.0,2.0,3,,,3.0,3.0,,,,,,,,,,,,,,,,1.0,,,,,,,,,,4.0,,,3.0,,3.0,11.0,11001.0,,1.0,1.0,2,,2.0,2,,2.0,6,1.0,,9.0,6.0,7.0,8.0,9.0,8.0,7.0,8.0,1.0,1.0,8.0,7.0,1.0,2.0
97930,8415607,2,1,2,"203,4346832",2,11,1,1,23,2,2.0,1.0,1.0,3,,,3.0,3.0,,,,,,,,,,,,,,,,1.0,,,,,,,,,,4.0,,,3.0,,3.0,11.0,11001.0,,1.0,1.0,2,,2.0,2,,2.0,6,1.0,,9.0,8.0,6.0,7.0,8.0,9.0,3.0,10.0,2.0,2.0,9.0,8.0,2.0,1.0
98411,8415804,1,1,1,"638,7466467",1,3,1,1,43,1,5.0,,,1,,,,,,,,,,,,,,,,,,,,,,,,,,,,,2.0,3.0,11.0,11001.0,,1.0,3.0,11.0,11001.0,,1.0,1.0,3,,10.0,2,,8.0,6,2.0,2.0,2.0,4.0,4.0,4.0,10.0,4.0,7.0,8.0,0.0,0.0,10.0,8.0,2.0,1.0
98444,8415818,2,1,2,"218,1304961",2,3,2,1,75,7,5.0,,,2,17.0,17380.0,,,,,,,,,,,,,,,,,,,,,,,,,,,2.0,3.0,25.0,25126.0,,1.0,3.0,11.0,11001.0,,1.0,8.0,3,,2.0,3,,2.0,6,2.0,2.0,2.0,10.0,99.0,8.0,10.0,10.0,10.0,9.0,1.0,1.0,10.0,8.0,1.0,2.0
98446,8415819,1,1,1,"468,0864373",1,3,1,1,41,1,5.0,,,2,11.0,11001.0,,,,,,,,,,,,,,,,,,,,,,,,,,,2.0,3.0,11.0,11001.0,,1.0,3.0,11.0,11001.0,,1.0,1.0,3,,6.0,1,2.0,,6,2.0,2.0,2.0,10.0,7.0,8.0,8.0,8.0,8.0,10.0,0.0,0.0,8.0,6.0,2.0,1.0
98447,8415819,2,1,2,"468,0864373",2,3,2,1,65,5,3.0,,,2,76.0,76520.0,,,,,,,,,,,,,,,,,,,,,,,,,,,2.0,3.0,11.0,11001.0,,1.0,3.0,11.0,11001.0,,1.0,7.0,3,,10.0,3,,10.0,6,2.0,2.0,2.0,10.0,10.0,10.0,10.0,10.0,10.0,10.0,0.0,0.0,10.0,8.0,1.0,2.0
98754,8415943,3,1,3,"33,3597325",3,3,2,1,30,3,5.0,,,2,17.0,17001.0,,,,,,,,,,,,,,,,,,,,,,,,,,,2.0,3.0,11.0,11001.0,,1.0,3.0,11.0,11001.0,,1.0,8.0,3,,1.0,1,2.0,,6,2.0,2.0,1.0,9.0,99.0,9.0,9.0,5.0,8.0,8.0,4.0,1.0,10.0,5.0,1.0,2.0
100704,8416743,1,1,1,"426,0442002",1,3,1,1,67,1,3.0,,,2,68.0,68179.0,,,,,,,,,,,,,,,,,,,,,,,,,,,2.0,3.0,11.0,11001.0,,1.0,3.0,11.0,11001.0,,1.0,1.0,2,,9.0,3,,1.0,6,1.0,,2.0,2.0,4.0,4.0,3.0,3.0,4.0,7.0,3.0,2.0,4.0,4.0,2.0,1.0
100705,8416743,2,1,2,"426,0442002",2,3,1,1,38,3,5.0,,,2,68.0,68190.0,,,,,,,,,,,,,,,,,,,,,,,,,,,2.0,3.0,11.0,11001.0,,1.0,3.0,11.0,11001.0,,1.0,8.0,1,1.0,,3,,9.0,6,2.0,2.0,2.0,3.0,3.0,2.0,1.0,2.0,2.0,5.0,2.0,2.0,2.0,3.0,2.0,1.0
102125,8417301,1,1,1,"60,53425371",1,3,2,1,28,1,6.0,1.0,2.0,2,11.0,11001.0,,,,,,,,,,,,,,,,,,,,,,,,,,,2.0,3.0,11.0,11001.0,,1.0,3.0,11.0,11001.0,,1.0,11.0,2,,1.0,2,,1.0,6,2.0,2.0,1.0,8.0,8.0,10.0,8.0,10.0,10.0,8.0,0.0,10.0,8.0,8.0,1.0,2.0
102126,8417301,2,1,2,"60,53425371",2,3,1,1,27,2,6.0,1.0,1.0,2,50.0,50313.0,,,,,,,,,,,,,,,,,,,,,,,,,,,2.0,3.0,11.0,11001.0,,1.0,3.0,11.0,11001.0,,1.0,11.0,2,,10.0,2,,10.0,6,2.0,2.0,1.0,10.0,6.0,10.0,10.0,10.0,10.0,10.0,0.0,0.0,10.0,10.0,2.0,1.0
103350,8417757,1,1,1,"41,88049319",1,3,1,1,34,1,4.0,,,2,8.0,8001.0,,,,,,,,,,,,,,,,,,,,,,,,,,,2.0,3.0,8.0,8001.0,,1.0,3.0,11.0,11001.0,,1.0,8.0,2,,9.0,2,,2.0,6,2.0,2.0,2.0,6.0,4.0,8.0,8.0,4.0,7.0,6.0,5.0,6.0,9.0,6.0,2.0,1.0
105921,8418817,1,1,1,"334,5329916",1,5,1,1,34,1,2.0,1.0,2.0,1,,,,,,,,,,,,,,,,,,,,,,,,,,,,,2.0,4.0,,,3.0,,3.0,11.0,11001.0,,1.0,1.0,2,,10.0,2,,10.0,6,2.0,2.0,1.0,10.0,10.0,10.0,10.0,10.0,10.0,10.0,1.0,1.0,10.0,10.0,2.0,1.0
105922,8418817,2,1,2,"334,5329916",2,5,2,1,33,2,2.0,1.0,1.0,1,,,,,,,,,,,,,,,,,,,,,,,,,,,,,2.0,4.0,,,3.0,,3.0,11.0,11001.0,,1.0,8.0,2,,10.0,2,,10.0,6,2.0,2.0,1.0,9.0,9.0,9.0,9.0,9.0,9.0,9.0,1.0,1.0,9.0,9.0,1.0,2.0
106423,8419037,1,1,1,"141,0733502",1,3,1,1,43,1,4.0,,,1,,,,,,,,,,,,,,,,,,,,,,,,,,,,,2.0,3.0,11.0,11001.0,,1.0,3.0,11.0,11001.0,,1.0,11.0,2,,6.0,2,,2.0,6,2.0,2.0,2.0,6.0,6.0,10.0,10.0,6.0,6.0,10.0,0.0,0.0,10.0,8.0,4.0,1.0
107755,8419591,2,1,2,"180,2802228",2,3,1,1,35,3,5.0,,,1,,,,,,,,,,,,,,,,,,,,,,,,,,,,,2.0,2.0,,,,2.0,3.0,11.0,11001.0,,1.0,8.0,1,1.0,,3,,1.0,6,1.0,,1.0,8.0,6.0,8.0,8.0,8.0,8.0,7.0,0.0,4.0,10.0,8.0,2.0,1.0
108524,8419857,1,1,1,"311,8096552",1,3,1,1,30,1,2.0,1.0,2.0,2,11.0,11001.0,,,,,,,,,,,,,,,,,,,,,,,,,,,2.0,3.0,11.0,11001.0,,1.0,3.0,11.0,11001.0,,1.0,1.0,2,,6.0,2,,4.0,6,2.0,2.0,2.0,10.0,5.0,10.0,10.0,10.0,8.0,10.0,0.0,0.0,10.0,10.0,2.0,1.0
108525,8419857,2,1,2,"311,8096552",2,3,2,1,29,2,2.0,1.0,1.0,2,11.0,11001.0,,,,,,,,,,,,,,,,,,,,,,,,,,,2.0,3.0,11.0,11001.0,,1.0,3.0,11.0,11001.0,,1.0,8.0,2,,10.0,2,,4.0,6,2.0,2.0,2.0,10.0,5.0,8.0,10.0,6.0,5.0,10.0,6.0,0.0,10.0,10.0,1.0,2.0
110298,8420650,2,1,2,"135,5857033",2,3,2,1,57,2,1.0,1.0,1.0,2,11.0,11001.0,,,,,,,,,,,,,,,,,,,,,,,,,,,2.0,3.0,11.0,11001.0,,1.0,3.0,11.0,11001.0,,1.0,8.0,2,,2.0,2,,2.0,6,1.0,,1.0,8.0,99.0,8.0,7.0,8.0,8.0,8.0,2.0,2.0,9.0,8.0,1.0,2.0
110696,8420811,2,1,2,"18,18097549",2,3,2,1,61,7,6.0,2.0,,2,25.0,25885.0,,,,,,,,,,,,,,,,,,,,,,,,,,,2.0,3.0,11.0,11001.0,,1.0,3.0,11.0,11001.0,,1.0,8.0,3,,1.0,1,3.0,,6,1.0,,1.0,10.0,3.0,10.0,8.0,2.0,6.0,8.0,0.0,0.0,10.0,8.0,1.0,2.0
110814,8420869,1,1,1,"171,1593536",1,3,1,1,40,1,5.0,,,1,,,,,,,,,,,,,,,,,,,,,,,,,,,,,2.0,3.0,11.0,11001.0,,1.0,3.0,11.0,11001.0,,1.0,1.0,2,,4.0,2,,2.0,6,2.0,2.0,2.0,10.0,7.0,10.0,10.0,10.0,9.0,10.0,0.0,0.0,10.0,10.0,2.0,1.0
111260,8421034,1,1,1,"45,35414671",1,3,1,1,28,1,1.0,1.0,2.0,2,11.0,11001.0,,,,,,,,,,,,,,,,,,,,,,,,,,,2.0,3.0,11.0,11001.0,,1.0,3.0,11.0,11001.0,,1.0,1.0,2,,1.0,2,,1.0,6,2.0,2.0,1.0,10.0,10.0,10.0,8.0,8.0,10.0,10.0,0.0,0.0,10.0,7.0,2.0,1.0
111261,8421034,2,1,2,"45,35414671",2,3,2,1,28,2,1.0,1.0,1.0,2,11.0,11001.0,,,,,,,,,,,,,,,,,,,,,,,,,,,2.0,3.0,11.0,11001.0,,1.0,3.0,11.0,11001.0,,1.0,1.0,2,,1.0,2,,1.0,6,2.0,2.0,1.0,10.0,8.0,8.0,10.0,10.0,10.0,10.0,1.0,0.0,10.0,9.0,1.0,2.0
111271,8421040,2,1,2,"58,68639475",2,3,2,1,56,2,2.0,1.0,1.0,2,73.0,73067.0,,,,,,,,,,,,,,,,,,,,,,,,,,,2.0,3.0,11.0,11001.0,,1.0,3.0,11.0,11001.0,,1.0,8.0,3,,10.0,3,,9.0,6,1.0,,1.0,9.0,99.0,7.0,8.0,8.0,8.0,9.0,6.0,0.0,9.0,10.0,1.0,2.0
111273,8421040,4,1,4,"58,68639475",4,3,1,1,67,7,4.0,,,2,73.0,73152.0,,,,,,,,,,,,,,,,,,,,,,,,,,,2.0,3.0,11.0,11001.0,,1.0,3.0,11.0,11001.0,,1.0,1.0,3,,10.0,3,,10.0,6,1.0,,1.0,7.0,3.0,8.0,9.0,9.0,8.0,7.0,1.0,9.0,8.0,8.0,2.0,1.0
111306,8421057,1,1,1,"139,1909031",1,3,2,1,83,1,6.0,1.0,2.0,2,73.0,73226.0,,,,,,,,,,,,,,,,,,,,,,,,,,,2.0,3.0,11.0,11001.0,,1.0,3.0,11.0,11001.0,,1.0,3.0,3,,9.0,3,,9.0,6,1.0,,1.0,9.0,3.0,7.0,8.0,8.0,8.0,8.0,0.0,0.0,9.0,9.0,1.0,2.0
114097,8422311,1,1,1,"491,1176021",1,3,1,1,33,1,5.0,,,1,,,,,,,,,,,,,,,,,,,,,,,,,,,,,2.0,3.0,11.0,11001.0,,2.0,3.0,11.0,11001.0,,2.0,8.0,3,,9.0,2,,9.0,6,2.0,2.0,9.0,9.0,9.0,10.0,9.0,9.0,8.0,9.0,2.0,1.0,10.0,8.0,2.0,1.0
114482,8422528,1,1,1,"133,6298633",1,3,2,1,18,1,5.0,,,2,11.0,11001.0,,,,,,,,,,,,,,,,,,,,,,,,,,,2.0,3.0,11.0,11001.0,,1.0,3.0,11.0,11001.0,,1.0,4.0,2,,10.0,2,,3.0,6,2.0,2.0,2.0,7.0,5.0,7.0,7.0,4.0,7.0,7.0,6.0,6.0,8.0,5.0,1.0,2.0
117684,8423864,3,1,3,"98,75958828",3,3,2,1,38,3,4.0,,,2,11.0,11001.0,,,,,,,,,,,,,,,,,,,,,,,,,,,2.0,3.0,11.0,11001.0,,1.0,3.0,11.0,11001.0,,1.0,8.0,2,,2.0,1,2.0,,6,2.0,2.0,1.0,9.0,99.0,9.0,9.0,9.0,9.0,4.0,6.0,7.0,8.0,8.0,1.0,2.0
117783,8423901,1,1,1,"52,06976418",1,3,1,1,78,1,2.0,1.0,2.0,2,50.0,50001.0,,,,,,,,,,,,,,,,,,,,,,,,,,,2.0,3.0,11.0,11001.0,,1.0,3.0,11.0,11001.0,,1.0,11.0,3,,9.0,3,,9.0,6,1.0,,1.0,3.0,5.0,9.0,6.0,8.0,8.0,8.0,6.0,2.0,7.0,8.0,2.0,1.0
118410,8424162,2,1,2,"92,32981977",2,3,2,1,23,3,4.0,,,1,,,,,,,,,,,,,,,,,,,,,,,,,,,,,2.0,3.0,11.0,11001.0,,1.0,3.0,11.0,11001.0,,2.0,1.0,2,,10.0,1,1.0,,6,1.0,,1.0,10.0,6.0,10.0,10.0,10.0,10.0,10.0,0.0,3.0,8.0,8.0,1.0,2.0
118447,8424174,3,1,3,"528,5973143",3,3,1,1,25,3,5.0,,,2,25.0,25899.0,,,,,,,,,,,,,,,,,,,,,,,,,,,2.0,3.0,11.0,11001.0,,1.0,3.0,11.0,11001.0,,1.0,8.0,1,1.0,,2,,4.0,6,2.0,2.0,2.0,9.0,6.0,5.0,8.0,6.0,8.0,8.0,3.0,4.0,10.0,6.0,2.0,1.0
118593,8424238,1,1,1,"146,6815475",1,3,2,1,66,1,5.0,,,2,5.0,5789.0,,,,,,,,,,,,,,,,,,,,,,,,,,,2.0,3.0,11.0,11001.0,,1.0,3.0,11.0,11001.0,,1.0,3.0,3,,9.0,3,,1.0,6,2.0,2.0,2.0,9.0,99.0,5.0,8.0,8.0,8.0,9.0,0.0,0.0,8.0,8.0,1.0,2.0
119906,8424838,3,1,3,"505,2619919",3,3,2,1,29,3,4.0,,,2,47.0,47318.0,,,,,,,,,,,,,,,,,,,,,,,,,,,2.0,3.0,11.0,11001.0,,1.0,3.0,11.0,11001.0,,1.0,7.0,1,1.0,,1,2.0,,6,2.0,2.0,1.0,9.0,6.0,9.0,8.0,5.0,8.0,8.0,3.0,3.0,10.0,8.0,1.0,2.0
127610,8428082,1,1,1,"14,75077908",1,3,1,1,23,1,5.0,,,2,5.0,5001.0,,,,,,,,,,,,,,,,,,,,,,,,,,,2.0,3.0,5.0,5001.0,,1.0,3.0,11.0,11001.0,,1.0,1.0,2,,4.0,2,,4.0,6,2.0,2.0,2.0,10.0,10.0,10.0,10.0,10.0,10.0,8.0,0.0,0.0,10.0,10.0,2.0,1.0
128620,8428641,1,1,1,"12,77954887",1,3,1,1,48,1,5.0,,,2,50.0,50711.0,,,,,,,,,,,,,,,,,,,,,,,,,,,2.0,3.0,11.0,11001.0,,1.0,3.0,11.0,11001.0,,1.0,11.0,3,,10.0,2,,9.0,6,2.0,2.0,2.0,6.0,6.0,8.0,10.0,9.0,10.0,9.0,2.0,1.0,10.0,6.0,1.0,1.0
128634,8428648,2,1,2,"11,02951536",2,3,2,1,53,5,6.0,1.0,3.0,1,,,,,,,,,,,,,,,,,,,,,,,,,,,,,2.0,3.0,11.0,11001.0,,1.0,3.0,11.0,11001.0,,1.0,11.0,3,,9.0,2,,9.0,6,2.0,1.0,2.0,10.0,10.0,10.0,10.0,10.0,10.0,10.0,0.0,0.0,10.0,9.0,1.0,2.0
129102,8428842,2,1,2,"172,7003542",2,3,2,1,37,2,6.0,1.0,1.0,2,50.0,50350.0,,,,,,,,,,,,,,,,,,,,,,,,,,,2.0,3.0,50.0,50006.0,,1.0,3.0,11.0,11001.0,,1.0,8.0,3,,2.0,2,,1.0,6,2.0,2.0,2.0,10.0,99.0,9.0,7.0,10.0,10.0,10.0,0.0,0.0,10.0,10.0,1.0,2.0
129103,8428843,1,1,1,"110,8032385",1,3,1,1,75,1,3.0,,,2,15.0,15187.0,,,,,,,,,,,,,,,,,,,,,,,,,,,2.0,3.0,11.0,11001.0,,1.0,3.0,11.0,11001.0,,1.0,8.0,3,,1.0,3,,1.0,6,1.0,,2.0,9.0,9.0,9.0,6.0,9.0,9.0,10.0,1.0,2.0,10.0,10.0,2.0,1.0
129104,8428843,2,1,2,"110,8032385",2,3,2,1,70,9,5.0,,,2,15.0,15740.0,,,,,,,,,,,,,,,,,,,,,,,,,,,2.0,3.0,11.0,11001.0,,1.0,3.0,11.0,11001.0,,1.0,8.0,3,,9.0,3,,9.0,6,1.0,,2.0,10.0,10.0,10.0,10.0,10.0,10.0,10.0,0.0,0.0,10.0,10.0,1.0,2.0
129778,8429116,1,1,1,"74,3222768",1,3,2,1,31,1,5.0,,,1,,,,,,,,,,,,,,,,,,,,,,,,,,,,,2.0,3.0,15.0,15299.0,,1.0,3.0,11.0,11001.0,,1.0,1.0,2,,2.0,2,,2.0,6,2.0,2.0,2.0,7.0,5.0,7.0,6.0,6.0,8.0,9.0,8.0,7.0,10.0,10.0,1.0,2.0
132291,8430157,1,1,1,"378,3143077",1,3,1,1,29,1,2.0,1.0,2.0,2,11.0,11001.0,,,,,,,,,,,,,,,,,,,,,,,,,,,2.0,3.0,11.0,11001.0,,1.0,3.0,11.0,11001.0,,1.0,3.0,2,,2.0,2,,3.0,6,2.0,2.0,2.0,5.0,5.0,10.0,10.0,10.0,10.0,10.0,0.0,0.0,10.0,8.0,2.0,1.0
132292,8430157,2,1,2,"378,3143077",2,3,2,1,26,2,2.0,1.0,1.0,2,73.0,73443.0,,,,,,,,,,,,,,,,,,,,,,,,,,,2.0,3.0,11.0,11001.0,,1.0,3.0,11.0,11001.0,,1.0,3.0,2,,10.0,2,,10.0,6,2.0,2.0,2.0,4.0,99.0,9.0,10.0,10.0,10.0,10.0,0.0,0.0,10.0,10.0,1.0,2.0
132316,8430167,2,1,2,"430,3120066",2,3,1,1,36,2,2.0,1.0,1.0,2,11.0,11001.0,,,,,,,,,,,,,,,,,,,,,,,,,,,2.0,3.0,11.0,11001.0,,1.0,3.0,11.0,11001.0,,1.0,8.0,2,,4.0,2,,4.0,6,2.0,2.0,2.0,10.0,10.0,10.0,10.0,10.0,10.0,10.0,0.0,0.0,10.0,10.0,2.0,1.0
132342,8430178,1,1,1,"247,7471488",1,3,1,1,33,1,2.0,1.0,2.0,2,11.0,11001.0,,,,,,,,,,,,,,,,,,,,,,,,,,,2.0,3.0,11.0,11001.0,,1.0,3.0,11.0,11001.0,,1.0,7.0,2,,4.0,2,,4.0,6,2.0,2.0,2.0,10.0,8.0,8.0,9.0,10.0,10.0,10.0,0.0,0.0,10.0,8.0,2.0,1.0
132343,8430178,2,1,2,"247,7471488",2,3,2,1,29,2,2.0,1.0,1.0,1,,,,,,,,,,,,,,,,,,,,,,,,,,,,,2.0,3.0,11.0,11001.0,,1.0,3.0,11.0,11001.0,,1.0,7.0,2,,4.0,2,,4.0,6,2.0,2.0,2.0,10.0,8.0,8.0,10.0,10.0,10.0,10.0,0.0,0.0,8.0,8.0,1.0,2.0
135545,8431501,4,1,4,"44,44081603",4,3,2,1,81,5,4.0,,,2,15.0,15325.0,,,,,,,,,,,,,,,,,,,,,,,,,,,2.0,3.0,11.0,11001.0,,1.0,3.0,11.0,11001.0,,1.0,3.0,3,,10.0,3,,10.0,6,1.0,,1.0,6.0,6.0,6.0,6.0,6.0,6.0,7.0,7.0,7.0,6.0,7.0,1.0,2.0
135635,8431542,3,1,3,"15,92972863",3,3,2,1,50,3,2.0,2.0,,2,25.0,25875.0,,,,,,,,,,,,,,,,,,,,,,,,,,,2.0,3.0,11.0,11001.0,,1.0,3.0,11.0,11001.0,,1.0,8.0,3,,1.0,1,1.0,,6,2.0,2.0,1.0,8.0,5.0,8.0,7.0,6.0,6.0,7.0,0.0,0.0,7.0,7.0,1.0,2.0
137276,8432182,1,1,1,"88,1084698",1,3,1,1,65,1,2.0,1.0,2.0,2,15.0,15368.0,,,,,,,,,,,,,,,,,,,,,,,,,,,2.0,3.0,11.0,11001.0,,1.0,3.0,11.0,11001.0,,1.0,1.0,3,,1.0,3,,1.0,6,1.0,,1.0,9.0,5.0,9.0,8.0,3.0,8.0,8.0,0.0,0.0,8.0,8.0,2.0,1.0
137277,8432182,2,1,2,"88,1084698",2,3,2,1,55,2,2.0,1.0,1.0,1,,,,,,,,,,,,,,,,,,,,,,,,,,,,,2.0,3.0,11.0,11001.0,,1.0,3.0,11.0,11001.0,,1.0,1.0,3,,1.0,3,,1.0,6,1.0,,1.0,8.0,7.0,9.0,8.0,6.0,8.0,7.0,0.0,0.0,9.0,9.0,1.0,2.0
139209,8432923,3,1,3,"108,4905715",3,3,2,1,41,4,4.0,,,2,76.0,76109.0,,,,,,,,,,,,,,,,,,,,,,,,,,,2.0,3.0,11.0,11001.0,,1.0,3.0,11.0,11001.0,,1.0,1.0,1,2.0,,2,,6.0,5,2.0,2.0,1.0,8.0,6.0,10.0,10.0,10.0,10.0,10.0,0.0,0.0,10.0,10.0,1.0,2.0
141588,8433814,1,1,1,"57,7882817",1,3,2,1,44,1,4.0,,,2,15.0,15755.0,,,,,,,,,,,,,,,,,,,,,,,,,,,2.0,3.0,11.0,11001.0,,1.0,3.0,11.0,11001.0,,2.0,3.0,2,,1.0,2,,1.0,6,2.0,1.0,1.0,8.0,4.0,7.0,7.0,6.0,6.0,2.0,6.0,2.0,8.0,8.0,1.0,2.0
145620,8443799,1,1,1,"147,1043545",1,3,1,1,62,1,6.0,1.0,2.0,2,11.0,11001.0,,,,,,,,,,,,,,,,,,,,,,,,,,,2.0,3.0,11.0,11001.0,,1.0,3.0,11.0,11001.0,,1.0,11.0,3,,1.0,3,,1.0,6,2.0,2.0,1.0,10.0,10.0,8.0,8.0,8.0,8.0,8.0,1.0,1.0,10.0,9.0,2.0,1.0
145621,8443799,2,1,2,"147,1043545",2,3,2,1,53,2,6.0,1.0,1.0,2,66.0,66594.0,,,,,,,,,,,,,,,,,,,,,,,,,,,2.0,3.0,11.0,11001.0,,1.0,3.0,11.0,11001.0,,1.0,11.0,3,,1.0,2,,9.0,6,1.0,,1.0,7.0,8.0,8.0,8.0,8.0,9.0,8.0,5.0,4.0,8.0,8.0,1.0,2.0
146084,8444003,1,1,1,"148,3961741",1,3,1,1,66,1,6.0,1.0,2.0,2,17.0,17662.0,,,,,,,,,,,,,,,,,,,,,,,,,,,2.0,3.0,11.0,11001.0,,2.0,3.0,11.0,11001.0,,2.0,3.0,2,,2.0,2,,2.0,6,2.0,2.0,2.0,8.0,10.0,10.0,9.0,10.0,10.0,8.0,0.0,0.0,10.0,7.0,2.0,1.0
146085,8444003,2,1,2,"148,3961741",2,3,2,1,57,2,6.0,1.0,1.0,2,25.0,25297.0,,,,,,,,,,,,,,,,,,,,,,,,,,,2.0,3.0,11.0,11001.0,,2.0,3.0,11.0,11001.0,,2.0,3.0,2,,1.0,2,,3.0,6,2.0,2.0,2.0,9.0,99.0,6.0,9.0,10.0,10.0,8.0,0.0,0.0,10.0,8.0,1.0,2.0
147913,8444669,2,1,2,"56,37812279",2,3,2,1,35,3,2.0,2.0,,1,,,,,,,,,,,,,,,,,,,,,,,,,,,,,2.0,3.0,8.0,8001.0,,1.0,3.0,11.0,11001.0,,1.0,1.0,2,,1.0,1,1.0,,6,1.0,,1.0,8.0,5.0,4.0,5.0,6.0,5.0,9.0,4.0,1.0,9.0,9.0,1.0,2.0
148434,8444901,1,1,1,"871,9571256",1,3,1,1,39,1,6.0,1.0,2.0,2,15.0,15248.0,,,,,,,,,,,,,,,,,,,,,,,,,,,2.0,3.0,11.0,11001.0,,1.0,3.0,11.0,11001.0,,1.0,10.0,2,,1.0,2,,9.0,6,2.0,2.0,2.0,7.0,7.0,8.0,8.0,7.0,6.0,6.0,7.0,7.0,7.0,8.0,2.0,1.0
148435,8444901,2,1,2,"871,9571256",2,3,2,1,31,2,6.0,1.0,1.0,2,11.0,11001.0,,,,,,,,,,,,,,,,,,,,,,,,,,,2.0,3.0,11.0,11001.0,,1.0,3.0,11.0,11001.0,,1.0,10.0,2,,7.0,2,,3.0,6,2.0,2.0,2.0,6.0,7.0,8.0,7.0,7.0,7.0,6.0,7.0,7.0,6.0,7.0,1.0,2.0
149320,8445296,1,1,1,"166,0454554",1,3,1,1,31,1,2.0,1.0,2.0,2,11.0,11001.0,,,,,,,,,,,,,,,,,,,,,,,,,,,2.0,3.0,11.0,11001.0,,2.0,3.0,11.0,11001.0,,2.0,11.0,2,,3.0,2,,2.0,6,1.0,,1.0,8.0,5.0,10.0,10.0,10.0,10.0,10.0,0.0,0.0,8.0,7.0,2.0,1.0
149321,8445296,2,1,2,"166,0454554",2,3,2,1,32,2,2.0,1.0,1.0,1,,,,,,,,,,,,,,,,,,,,,,,,,,,,,2.0,3.0,11.0,11001.0,,1.0,3.0,11.0,11001.0,,1.0,11.0,2,,10.0,2,,4.0,6,1.0,,1.0,8.0,4.0,7.0,10.0,10.0,8.0,10.0,0.0,0.0,8.0,8.0,1.0,2.0
149839,8445509,1,1,1,"95,10526297",1,3,2,1,21,1,5.0,,,2,25.0,25183.0,,,,,,,,,,,,,,,,,,,,,,,,,,,2.0,3.0,25.0,25183.0,,2.0,3.0,11.0,11001.0,,1.0,2.0,2,,2.0,2,,4.0,6,1.0,,2.0,10.0,9.0,10.0,10.0,10.0,10.0,10.0,0.0,0.0,10.0,10.0,1.0,2.0
150148,8445641,3,1,3,"190,1092854",1,3,2,1,64,9,4.0,,,2,11.0,11001.0,,,,,,,,,,,,,,,,,,,,,,,,,,,2.0,3.0,11.0,11001.0,,1.0,3.0,11.0,11001.0,,1.0,3.0,3,,9.0,3,,9.0,6,2.0,2.0,2.0,7.0,8.0,3.0,8.0,5.0,8.0,6.0,8.0,5.0,8.0,8.0,1.0,2.0
150711,8445836,1,1,1,"23,63341972",1,3,2,1,63,1,4.0,,,2,11.0,11001.0,,,,,,,,,,,,,,,,,,,,,,,,,,,2.0,2.0,,,,1.0,3.0,11.0,11001.0,,1.0,1.0,3,,1.0,3,,1.0,6,2.0,2.0,2.0,8.0,7.0,7.0,8.0,8.0,7.0,9.0,0.0,0.0,7.0,7.0,1.0,2.0
156418,8448111,2,1,2,"14,82198589",2,3,1,1,49,3,4.0,,,2,11.0,11001.0,,,,,,,,,,,,,,,,,,,,,,,,,,,2.0,3.0,11.0,11001.0,,1.0,3.0,11.0,11001.0,,1.0,8.0,3,,9.0,1,1.0,,6,1.0,,2.0,6.0,3.0,8.0,5.0,6.0,7.0,6.0,7.0,3.0,6.0,6.0,2.0,1.0
156774,8448264,1,1,1,"218,8420873",1,3,2,1,25,1,5.0,,,2,11.0,11001.0,,,,,,,,,,,,,,,,,,,,,,,,,,,2.0,3.0,11.0,11001.0,,1.0,3.0,11.0,11001.0,,1.0,1.0,2,,6.0,2,,6.0,6,2.0,2.0,2.0,8.0,8.0,8.0,9.0,8.0,8.0,8.0,2.0,2.0,9.0,8.0,1.0,2.0
157237,8448460,3,1,3,"372,1621701",3,3,1,1,20,3,5.0,,,1,,,,,,,,,,,,,,,,,,,,,,,,,,,,,2.0,2.0,,,,1.0,3.0,11.0,11001.0,,1.0,1.0,1,1.0,,1,2.0,,6,2.0,2.0,2.0,6.0,3.0,8.0,8.0,3.0,6.0,6.0,2.0,2.0,3.0,8.0,2.0,1.0
160051,8449670,1,1,1,"201,8644596",1,3,2,1,28,1,5.0,,,2,44.0,44430.0,,,,,,,,,,,,,,,,,,,,,,,,,,,2.0,3.0,11.0,11001.0,,1.0,3.0,11.0,11001.0,,1.0,7.0,2,,1.0,2,,4.0,6,2.0,2.0,2.0,10.0,5.0,10.0,10.0,7.0,10.0,8.0,10.0,0.0,10.0,7.0,1.0,2.0
162721,8450663,1,1,1,"164,5382088",1,3,2,1,25,1,5.0,,,1,,,,,,,,,,,,,,,,,,,,,,,,,,,,,2.0,3.0,11.0,11001.0,,1.0,3.0,11.0,11001.0,,1.0,1.0,2,,2.0,2,,2.0,6,2.0,2.0,2.0,8.0,7.0,8.0,9.0,8.0,8.0,8.0,2.0,2.0,8.0,9.0,1.0,2.0
163332,8450937,1,1,1,"170,0966132",1,3,1,1,37,1,6.0,1.0,2.0,2,11.0,11001.0,,,,,,,,,,,,,,,,,,,,,,,,,,,2.0,3.0,11.0,11001.0,,1.0,3.0,11.0,11001.0,,1.0,11.0,2,,6.0,2,,2.0,6,2.0,2.0,1.0,10.0,10.0,10.0,10.0,10.0,10.0,10.0,3.0,0.0,10.0,6.0,2.0,1.0
163333,8450937,2,1,2,"170,0966132",2,3,2,1,40,2,6.0,1.0,1.0,2,11.0,11001.0,,,,,,,,,,,,,,,,,,,,,,,,,,,2.0,3.0,11.0,11001.0,,1.0,3.0,11.0,11001.0,,1.0,11.0,2,,2.0,2,,2.0,6,2.0,2.0,1.0,10.0,10.0,10.0,9.0,10.0,3.0,7.0,3.0,4.0,10.0,8.0,1.0,2.0
163334,8450937,3,1,3,"170,0966132",3,3,2,1,21,3,5.0,,,2,11.0,11001.0,,,,,,,,,,,,,,,,,,,,,,,,,,,2.0,3.0,11.0,11001.0,,1.0,3.0,11.0,11001.0,,1.0,8.0,1,1.0,,1,2.0,,6,2.0,2.0,1.0,10.0,99.0,10.0,10.0,2.0,4.0,8.0,7.0,0.0,10.0,8.0,1.0,2.0
163335,8450937,4,1,4,"170,0966132",4,3,1,1,18,3,5.0,,,2,11.0,11001.0,,,,,,,,,,,,,,,,,,,,,,,,,,,2.0,3.0,11.0,11001.0,,1.0,3.0,11.0,11001.0,,2.0,8.0,1,1.0,,1,2.0,,6,2.0,2.0,1.0,10.0,2.0,10.0,10.0,3.0,6.0,10.0,0.0,0.0,8.0,9.0,2.0,1.0
163371,8450950,1,1,1,"72,62189791",1,3,1,1,71,1,6.0,1.0,2.0,2,15.0,15759.0,,,,,,,,,,,,,,,,,,,,,,,,,,,2.0,3.0,11.0,11001.0,,1.0,3.0,11.0,11001.0,,1.0,11.0,3,,1.0,3,,1.0,6,2.0,1.0,1.0,9.0,10.0,10.0,10.0,9.0,9.0,9.0,4.0,3.0,8.0,7.0,2.0,1.0
163372,8450950,2,1,2,"72,62189791",2,3,2,1,67,2,6.0,1.0,1.0,2,15.0,15047.0,,,,,,,,,,,,,,,,,,,,,,,,,,,2.0,3.0,11.0,11001.0,,1.0,3.0,11.0,11001.0,,1.0,11.0,3,,1.0,3,,1.0,6,1.0,,1.0,8.0,7.0,8.0,8.0,9.0,9.0,8.0,4.0,4.0,9.0,8.0,1.0,2.0
163437,8450980,3,1,3,"20,09177068",3,3,1,1,88,6,2.0,1.0,4.0,2,25.0,25823.0,,,,,,,,,,,,,,,,,,,,,,,,,,,2.0,3.0,25.0,25823.0,,2.0,3.0,11.0,11001.0,,2.0,11.0,3,,9.0,3,,9.0,6,1.0,,1.0,8.0,5.0,5.0,5.0,5.0,5.0,6.0,4.0,4.0,8.0,7.0,2.0,1.0
163438,8450980,4,1,4,"20,09177068",4,3,2,1,78,6,2.0,1.0,3.0,2,25.0,25817.0,,,,,,,,,,,,,,,,,,,,,,,,,,,2.0,3.0,25.0,25823.0,,2.0,3.0,11.0,11001.0,,1.0,11.0,3,,9.0,3,,9.0,6,1.0,,1.0,7.0,7.0,7.0,8.0,10.0,8.0,9.0,1.0,2.0,8.0,7.0,1.0,2.0
164050,8451204,1,1,1,"45,20843634",1,3,1,1,71,1,6.0,1.0,2.0,2,25.0,25815.0,,,,,,,,,,,,,,,,,,,,,,,,,,,2.0,3.0,11.0,11001.0,,1.0,3.0,11.0,11001.0,,1.0,8.0,3,,1.0,2,,2.0,6,1.0,,1.0,9.0,9.0,7.0,9.0,9.0,9.0,10.0,0.0,0.0,10.0,9.0,2.0,1.0
164051,8451204,2,1,2,"45,20843634",2,3,2,1,66,2,6.0,1.0,1.0,2,11.0,11001.0,,,,,,,,,,,,,,,,,,,,,,,,,,,2.0,3.0,11.0,11001.0,,1.0,3.0,11.0,11001.0,,1.0,8.0,2,,10.0,1,5.0,,6,1.0,,1.0,8.0,8.0,7.0,8.0,6.0,8.0,8.0,0.0,0.0,10.0,8.0,1.0,2.0
166159,8452015,7,1,7,"233,7384646",7,3,1,1,21,9,5.0,,,2,11.0,11001.0,,,,,,,,,,,,,,,,,,,,,,,,,,,2.0,3.0,11.0,11001.0,,1.0,3.0,11.0,11001.0,,1.0,1.0,2,,4.0,2,,10.0,6,2.0,2.0,2.0,8.0,7.0,10.0,8.0,10.0,10.0,10.0,0.0,0.0,10.0,9.0,2.0,1.0
167179,8452444,2,1,2,"41,46203119",2,3,2,1,53,3,4.0,,,1,,,,,,,,,,,,,,,,,,,,,,,,,,,,,2.0,3.0,11.0,11001.0,,1.0,3.0,11.0,11001.0,,1.0,8.0,3,,1.0,1,1.0,,6,1.0,,1.0,9.0,7.0,7.0,10.0,7.0,10.0,5.0,0.0,6.0,10.0,7.0,1.0,2.0
172044,8454429,1,1,1,"13,82760764",1,3,2,1,57,1,4.0,,,1,,,,,,,,,,,,,,,,,,,,,,,,,,,,,2.0,3.0,95.0,95001.0,,1.0,3.0,11.0,11001.0,,1.0,11.0,3,,9.0,2,,9.0,1,1.0,,1.0,8.0,4.0,6.0,10.0,9.0,10.0,10.0,0.0,0.0,4.0,6.0,1.0,2.0
172381,8454568,2,1,2,"493,8482976",2,3,2,1,30,2,2.0,1.0,1.0,2,11.0,11001.0,,,,,,,,,,,,,,,,,,,,,,,,,,,2.0,3.0,11.0,11001.0,,1.0,3.0,11.0,11001.0,,1.0,7.0,2,,1.0,2,,3.0,6,2.0,2.0,2.0,8.0,8.0,6.0,10.0,7.0,5.0,8.0,8.0,2.0,10.0,8.0,1.0,2.0
172462,8454600,3,1,3,"245,0477567",3,3,2,1,30,7,5.0,,,2,73.0,73168.0,,,,,,,,,,,,,,,,,,,,,,,,,,,2.0,3.0,73.0,73168.0,,1.0,3.0,11.0,11001.0,,1.0,1.0,2,,1.0,2,,9.0,6,1.0,,2.0,6.0,1.0,7.0,5.0,1.0,10.0,6.0,7.0,10.0,9.0,7.0,1.0,2.0
173527,8455040,1,1,1,"129,998145",1,3,1,1,29,1,5.0,,,2,11.0,11001.0,,,,,,,,,,,,,,,,,,,,,,,,,,,2.0,3.0,11.0,11001.0,,1.0,3.0,11.0,11001.0,,1.0,1.0,2,,4.0,2,,8.0,6,2.0,2.0,2.0,8.0,7.0,7.0,8.0,8.0,10.0,9.0,7.0,0.0,10.0,9.0,2.0,1.0
173528,8455041,1,1,1,"89,81865812",1,3,2,1,40,1,5.0,,,2,11.0,11001.0,,,,,,,,,,,,,,,,,,,,,,,,,,,2.0,3.0,11.0,11001.0,,1.0,3.0,11.0,11001.0,,1.0,1.0,2,,3.0,2,,3.0,6,2.0,2.0,2.0,7.0,7.0,7.0,8.0,5.0,8.0,8.0,2.0,3.0,8.0,8.0,1.0,2.0
175549,8455849,1,1,1,"24,5240411",1,3,2,1,30,1,2.0,2.0,,2,73.0,73001.0,,,,,,,,,,,,,,,,,,,,,,,,,,,2.0,2.0,,,,2.0,3.0,11.0,11001.0,,1.0,11.0,2,,4.0,2,,4.0,6,2.0,2.0,1.0,9.0,6.0,9.0,9.0,9.0,8.0,9.0,2.0,2.0,10.0,9.0,1.0,2.0
177859,8456846,1,1,1,"910,5856949",1,3,1,1,32,1,5.0,,,2,17.0,17616.0,,,,,,,,,,,,,,,,,,,,,,,,,,,2.0,3.0,11.0,11001.0,,1.0,3.0,11.0,11001.0,,1.0,1.0,2,,4.0,2,,5.0,6,2.0,2.0,2.0,7.0,8.0,8.0,8.0,7.0,7.0,7.0,4.0,7.0,7.0,6.0,2.0,1.0
180418,8457841,1,1,1,"197,580657",1,3,2,1,41,1,4.0,,,1,,,,,,,,,,,,,,,,,,,,,,,,,,,,,2.0,3.0,11.0,11001.0,,1.0,3.0,11.0,11001.0,,1.0,11.0,2,,1.0,2,,1.0,6,1.0,,1.0,8.0,5.0,5.0,7.0,7.0,6.0,7.0,8.0,8.0,8.0,6.0,1.0,2.0
182580,8458710,2,1,2,"362,165162",2,3,2,1,33,2,2.0,1.0,1.0,2,11.0,11001.0,,,,,,,,,,,,,,,,,,,,,,,,,,,2.0,3.0,11.0,11001.0,,1.0,3.0,11.0,11001.0,,1.0,8.0,2,,4.0,2,,4.0,6,2.0,2.0,2.0,10.0,99.0,10.0,10.0,10.0,10.0,9.0,0.0,0.0,10.0,8.0,1.0,2.0
184297,8459392,1,1,1,"23,22406886",1,3,2,1,40,1,2.0,1.0,2.0,2,88.0,88001.0,,,,,,,,,,,,,,,,,,,,,,,,,,,2.0,3.0,11.0,11001.0,,1.0,3.0,11.0,11001.0,,1.0,8.0,2,,1.0,2,,1.0,6,2.0,2.0,2.0,8.0,8.0,9.0,6.0,8.0,9.0,9.0,6.0,0.0,8.0,10.0,1.0,2.0
188087,8460863,6,1,6,"236,8320845",6,3,2,1,20,8,2.0,1.0,5.0,2,11.0,11001.0,,,,,,,,,,,,,,,,,,,,,,,,,,,2.0,3.0,11.0,11001.0,,1.0,3.0,11.0,11001.0,,1.0,5.0,2,,10.0,2,,10.0,6,2.0,2.0,1.0,8.0,99.0,10.0,9.0,8.0,8.0,9.0,4.0,1.0,9.0,9.0,1.0,2.0
188108,8460872,1,1,1,"20,05539216",1,3,1,1,69,1,4.0,,,2,73.0,73624.0,,,,,,,,,,,,,,,,,,,,,,,,,,,2.0,4.0,,,1.0,,3.0,11.0,11001.0,,1.0,3.0,3,,2.0,3,,1.0,6,1.0,,1.0,10.0,10.0,5.0,10.0,9.0,10.0,10.0,0.0,0.0,10.0,5.0,2.0,1.0
188129,8460880,1,1,1,"16,17806552",1,3,1,1,42,1,6.0,2.0,,2,11.0,11001.0,,,,,,,,,,,,,,,,,,,,,,,,,,,2.0,3.0,11.0,11001.0,,1.0,3.0,11.0,11001.0,,1.0,8.0,3,,2.0,1,2.0,,6,2.0,2.0,1.0,8.0,8.0,8.0,7.0,9.0,8.0,10.0,0.0,0.0,10.0,8.0,2.0,1.0
188130,8460880,2,1,2,"16,17806552",2,3,2,1,74,5,3.0,,,1,,,,,,,,,,,,,,,,,,,,,,,,,,,,,2.0,3.0,11.0,11001.0,,1.0,3.0,11.0,11001.0,,1.0,10.0,3,,2.0,3,,1.0,6,1.0,,1.0,8.0,3.0,8.0,5.0,7.0,8.0,10.0,0.0,0.0,10.0,10.0,1.0,2.0
188397,8460973,1,1,1,"120,9263449",1,3,1,1,64,1,5.0,,,1,,,,,,,,,,,,,,,,,,,,,,,,,,,,,2.0,3.0,11.0,11001.0,,1.0,3.0,11.0,11001.0,,1.0,11.0,3,,2.0,3,,2.0,6,2.0,2.0,2.0,9.0,9.0,9.0,7.0,6.0,6.0,9.0,6.0,0.0,9.0,9.0,2.0,1.0
188866,8461163,1,1,1,"142,9288035",1,3,2,1,27,1,5.0,,,2,73.0,73030.0,,,,,,,,,,,,,,,,,,,,,,,,,,,2.0,3.0,11.0,11001.0,,1.0,3.0,11.0,11001.0,,1.0,1.0,2,,3.0,2,,4.0,6,2.0,2.0,2.0,10.0,8.0,10.0,10.0,10.0,10.0,10.0,0.0,0.0,10.0,8.0,1.0,2.0
188937,8461201,1,1,1,"66,58579381",1,3,1,1,26,1,2.0,1.0,2.0,1,,,,,,,,,,,,,,,,,,,,,,,,,,,,,2.0,3.0,11.0,11001.0,,1.0,3.0,11.0,11001.0,,1.0,1.0,2,,1.0,2,,1.0,6,2.0,2.0,2.0,10.0,10.0,10.0,10.0,10.0,10.0,10.0,0.0,0.0,10.0,10.0,2.0,1.0
188938,8461201,2,1,2,"66,58579381",2,3,2,1,27,2,2.0,1.0,1.0,2,11.0,11001.0,,,,,,,,,,,,,,,,,,,,,,,,,,,2.0,3.0,11.0,11001.0,,1.0,3.0,11.0,11001.0,,1.0,8.0,2,,1.0,2,,1.0,6,2.0,2.0,2.0,10.0,99.0,10.0,10.0,5.0,10.0,10.0,0.0,0.0,10.0,10.0,1.0,2.0
190121,8461660,1,1,1,"108,0666836",1,3,1,1,73,1,4.0,,,2,8.0,8421.0,,,,,,,,,,,,,,,,,,,,,,,,,,,2.0,2.0,,,,2.0,3.0,11.0,11001.0,,2.0,1.0,3,,9.0,3,,9.0,6,1.0,,1.0,10.0,10.0,10.0,10.0,10.0,10.0,10.0,0.0,0.0,10.0,7.0,2.0,1.0
190676,8461856,3,1,3,"150,5035994",3,3,2,1,32,3,5.0,,,1,,,,,,,,,,,,,,,,,,,,,,,,,,,,,2.0,3.0,11.0,11001.0,,1.0,3.0,11.0,11001.0,,1.0,8.0,1,1.0,,1,2.0,,6,2.0,2.0,2.0,9.0,3.0,9.0,7.0,9.0,8.0,10.0,0.0,0.0,10.0,10.0,1.0,2.0
193036,8462903,1,1,1,"5,615712529",1,3,1,1,52,1,2.0,1.0,2.0,2,68.0,68770.0,,,,,,,,,,,,,,,,,,,,,,,,,,,2.0,3.0,11.0,11001.0,,1.0,3.0,11.0,11001.0,,1.0,11.0,3,,1.0,2,,1.0,6,1.0,,1.0,9.0,5.0,10.0,5.0,8.0,0.0,8.0,3.0,0.0,9.0,8.0,2.0,1.0
195384,8464066,2,1,2,"158,6245333",2,11,2,1,26,2,1.0,1.0,1.0,3,,,3.0,3.0,,,,,,,,,,,,,,,,1.0,,,,,,,,,,4.0,,,3.0,,3.0,11.0,11001.0,,1.0,7.0,2,,8.0,2,,8.0,6,1.0,,2.0,6.0,2.0,8.0,8.0,5.0,6.0,6.0,5.0,6.0,7.0,4.0,1.0,2.0
200071,8466068,4,1,4,"16,50584859",4,3,1,1,23,3,5.0,,,1,,,,,,,,,,,,,,,,,,,,,,,,,,,,,2.0,2.0,,,,2.0,3.0,11.0,11001.0,,1.0,2.0,1,1.0,,1,2.0,,1,2.0,2.0,1.0,6.0,5.0,8.0,8.0,8.0,8.0,8.0,7.0,3.0,9.0,8.0,2.0,1.0
201251,8466524,2,1,2,"267,8486709",2,3,2,1,18,3,4.0,,,1,,,,,,,,,,,,,,,,,,,,,,,,,,,,,2.0,2.0,,,,2.0,3.0,11.0,11001.0,,1.0,11.0,2,,1.0,1,1.0,,5,1.0,,1.0,4.0,99.0,8.0,7.0,0.0,7.0,5.0,3.0,3.0,7.0,6.0,1.0,2.0
201550,8466669,2,1,2,"8,774449639",2,3,1,1,40,3,6.0,2.0,,2,11.0,11001.0,,,,,,,,,,,,,,,,,,,,,,,,,,,2.0,3.0,11.0,11001.0,,1.0,3.0,11.0,11001.0,,1.0,8.0,3,,8.0,1,1.0,,6,2.0,2.0,1.0,10.0,7.0,10.0,8.0,8.0,8.0,10.0,0.0,0.0,10.0,10.0,2.0,1.0
201555,8466672,1,1,1,"201,9298661",1,3,1,1,54,1,2.0,1.0,2.0,2,11.0,11001.0,,,,,,,,,,,,,,,,,,,,,,,,,,,2.0,3.0,11.0,11001.0,,1.0,3.0,11.0,11001.0,,1.0,11.0,3,,10.0,3,,10.0,6,2.0,2.0,2.0,6.0,6.0,8.0,7.0,7.0,8.0,9.0,1.0,0.0,8.0,7.0,2.0,1.0
201556,8466672,2,1,2,"201,9298661",2,3,2,1,53,2,2.0,1.0,1.0,2,63.0,63302.0,,,,,,,,,,,,,,,,,,,,,,,,,,,2.0,2.0,,,,1.0,3.0,11.0,11001.0,,1.0,11.0,3,,10.0,3,,10.0,6,2.0,2.0,2.0,5.0,99.0,5.0,7.0,7.0,9.0,5.0,4.0,6.0,9.0,8.0,1.0,2.0
201621,8466696,1,1,1,"438,9105668",1,3,1,1,66,1,6.0,1.0,2.0,2,11.0,11001.0,,,,,,,,,,,,,,,,,,,,,,,,,,,2.0,3.0,11.0,11001.0,,1.0,3.0,11.0,11001.0,,1.0,11.0,3,,10.0,3,,2.0,6,2.0,2.0,2.0,9.0,6.0,10.0,6.0,10.0,10.0,10.0,0.0,0.0,10.0,9.0,2.0,1.0
201622,8466696,2,1,2,"438,9105668",2,3,2,1,64,2,6.0,1.0,1.0,2,73.0,73483.0,,,,,,,,,,,,,,,,,,,,,,,,,,,2.0,3.0,11.0,11001.0,,1.0,3.0,11.0,11001.0,,1.0,11.0,3,,8.0,3,,2.0,6,2.0,2.0,2.0,9.0,99.0,9.0,7.0,10.0,10.0,10.0,0.0,0.0,10.0,9.0,1.0,2.0
201628,8466698,1,1,1,"10,75693154",1,3,1,1,67,1,2.0,1.0,2.0,2,25.0,25841.0,,,,,,,,,,,,,,,,,,,,,,,,,,,2.0,3.0,11.0,11001.0,,1.0,3.0,11.0,11001.0,,1.0,11.0,3,,10.0,3,,3.0,6,1.0,,1.0,8.0,2.0,7.0,7.0,7.0,8.0,10.0,1.0,1.0,10.0,10.0,2.0,1.0
201646,8466705,1,1,1,"13,15109029",1,3,1,1,64,1,6.0,1.0,2.0,2,76.0,76736.0,,,,,,,,,,,,,,,,,,,,,,,,,,,2.0,3.0,11.0,11001.0,,1.0,3.0,11.0,11001.0,,1.0,11.0,3,,10.0,2,,2.0,6,2.0,2.0,1.0,10.0,7.0,10.0,8.0,9.0,10.0,10.0,0.0,0.0,10.0,8.0,2.0,1.0
201647,8466705,2,1,2,"13,15109029",2,3,2,1,60,2,6.0,1.0,1.0,2,11.0,11001.0,,,,,,,,,,,,,,,,,,,,,,,,,,,2.0,3.0,11.0,11001.0,,1.0,3.0,11.0,11001.0,,1.0,11.0,3,,2.0,3,,2.0,6,2.0,2.0,1.0,10.0,99.0,10.0,10.0,10.0,8.0,10.0,0.0,0.0,10.0,10.0,1.0,2.0
201649,8466706,2,1,2,"13,15109029",2,3,2,1,69,2,6.0,1.0,1.0,2,11.0,11001.0,,,,,,,,,,,,,,,,,,,,,,,,,,,2.0,3.0,11.0,11001.0,,1.0,3.0,11.0,11001.0,,2.0,3.0,3,,10.0,3,,3.0,6,1.0,,1.0,10.0,2.0,8.0,8.0,8.0,8.0,9.0,3.0,0.0,10.0,9.0,1.0,2.0
202901,8467287,1,1,1,"460,9003225",1,3,1,1,73,1,3.0,,,2,25.0,25320.0,,,,,,,,,,,,,,,,,,,,,,,,,,,2.0,3.0,11.0,11001.0,,1.0,3.0,11.0,11001.0,,1.0,11.0,3,,10.0,3,,1.0,6,2.0,1.0,2.0,10.0,8.0,7.0,10.0,8.0,10.0,6.0,3.0,0.0,10.0,10.0,2.0,1.0
203615,8467600,1,1,1,"197,8935541",1,3,2,1,31,1,4.0,,,1,,,,,,,,,,,,,,,,,,,,,,,,,,,,,2.0,3.0,11.0,11001.0,,1.0,3.0,11.0,11001.0,,1.0,11.0,2,,9.0,2,,1.0,6,1.0,,1.0,9.0,9.0,8.0,9.0,8.0,9.0,10.0,0.0,0.0,9.0,9.0,1.0,2.0
203927,8467729,1,1,1,"82,34706492",1,3,2,1,35,1,5.0,,,2,11.0,11001.0,,,,,,,,,,,,,,,,,,,,,,,,,,,2.0,3.0,11.0,11001.0,,1.0,3.0,11.0,11001.0,,1.0,1.0,2,,3.0,2,,3.0,6,1.0,,1.0,8.0,3.0,8.0,10.0,10.0,8.0,4.0,3.0,0.0,10.0,7.0,1.0,2.0
205437,8468333,1,1,1,"90,75181982",1,3,2,1,25,1,5.0,,,2,11.0,11001.0,,,,,,,,,,,,,,,,,,,,,,,,,,,2.0,3.0,11.0,11001.0,,1.0,3.0,11.0,11001.0,,1.0,1.0,3,,10.0,2,,2.0,5,2.0,2.0,2.0,10.0,5.0,10.0,10.0,6.0,1.0,9.0,7.0,0.0,9.0,8.0,1.0,2.0
205439,8468335,1,1,1,"141,0971183",1,11,2,1,20,1,5.0,,,3,,,3.0,3.0,,,,,,,,,,,,,,,,1.0,,,,,,,,,,4.0,,,3.0,,3.0,11.0,11001.0,,1.0,1.0,2,,4.0,2,,4.0,6,2.0,2.0,2.0,7.0,8.0,10.0,9.0,7.0,6.0,8.0,6.0,2.0,8.0,6.0,1.0,2.0
205440,8468336,1,1,1,"90,75181982",1,9,2,1,26,1,5.0,,,3,,,3.0,3.0,,,,,,,,,,,,,,,,1.0,,,,,,,,,,4.0,,,3.0,,3.0,11.0,11001.0,,1.0,1.0,2,,1.0,2,,1.0,6,2.0,9.0,2.0,9.0,8.0,10.0,10.0,10.0,10.0,10.0,0.0,0.0,10.0,5.0,1.0,2.0
208097,8469571,2,1,2,"133,9070374",2,3,1,1,21,3,5.0,,,2,44.0,44378.0,,,,,,,,,,,,,,,,,,,,,,,,,,,2.0,2.0,,,,2.0,3.0,11.0,11001.0,,2.0,8.0,2,,4.0,1,1.0,,1,1.0,,1.0,10.0,10.0,10.0,10.0,10.0,10.0,10.0,8.0,8.0,10.0,8.0,2.0,1.0
208740,8469795,1,1,1,"253,0076262",1,3,2,1,44,1,4.0,,,2,20.0,20060.0,,,,,,,,,,,,,,,,,,,,,,,,,,,2.0,3.0,11.0,11001.0,,1.0,3.0,11.0,11001.0,,1.0,8.0,3,,2.0,2,,1.0,6,2.0,1.0,2.0,7.0,5.0,4.0,10.0,8.0,3.0,10.0,7.0,0.0,10.0,8.0,1.0,2.0
209444,8470124,1,1,1,"16,49967024",1,3,2,1,39,1,5.0,,,2,11.0,11001.0,,,,,,,,,,,,,,,,,,,,,,,,,,,2.0,3.0,11.0,11001.0,,1.0,3.0,11.0,11001.0,,1.0,1.0,2,,8.0,2,,8.0,6,2.0,2.0,2.0,7.0,6.0,8.0,8.0,7.0,8.0,7.0,3.0,2.0,7.0,8.0,1.0,2.0
209935,8470297,1,1,1,"165,1538209",1,3,1,1,36,1,2.0,1.0,2.0,1,,,,,,,,,,,,,,,,,,,,,,,,,,,,,2.0,3.0,11.0,11001.0,,1.0,3.0,11.0,11001.0,,1.0,1.0,2,,8.0,2,,8.0,6,2.0,2.0,2.0,9.0,9.0,8.0,9.0,9.0,7.0,9.0,0.0,0.0,10.0,10.0,2.0,1.0
209936,8470297,2,1,2,"165,1538209",2,3,2,1,36,2,2.0,1.0,1.0,2,73.0,73001.0,,,,,,,,,,,,,,,,,,,,,,,,,,,2.0,3.0,11.0,11001.0,,1.0,3.0,11.0,11001.0,,1.0,1.0,2,,8.0,2,,8.0,6,2.0,2.0,2.0,9.0,9.0,9.0,9.0,9.0,9.0,9.0,0.0,0.0,10.0,9.0,1.0,2.0
212649,8471486,2,1,2,"139,3400705",2,3,2,1,30,2,1.0,1.0,1.0,2,11.0,11001.0,,,,,,,,,,,,,,,,,,,,,,,,,,,2.0,3.0,11.0,11001.0,,1.0,3.0,11.0,11001.0,,1.0,8.0,2,,1.0,2,,3.0,6,1.0,,1.0,10.0,99.0,10.0,10.0,8.0,8.0,10.0,3.0,5.0,7.0,7.0,1.0,2.0
212675,8471497,1,1,1,"139,3400705",1,3,1,1,29,1,6.0,1.0,2.0,2,11.0,11001.0,,,,,,,,,,,,,,,,,,,,,,,,,,,2.0,3.0,11.0,11001.0,,1.0,3.0,11.0,11001.0,,1.0,11.0,2,,1.0,3,,3.0,6,2.0,2.0,1.0,8.0,8.0,5.0,10.0,10.0,8.0,8.0,0.0,0.0,10.0,5.0,2.0,1.0
212676,8471497,2,1,2,"139,3400705",2,3,2,1,32,2,6.0,1.0,1.0,2,11.0,11001.0,,,,,,,,,,,,,,,,,,,,,,,,,,,2.0,3.0,11.0,11001.0,,1.0,3.0,11.0,11001.0,,1.0,11.0,2,,4.0,2,,2.0,6,2.0,2.0,1.0,10.0,7.0,10.0,10.0,10.0,10.0,7.0,5.0,0.0,10.0,10.0,1.0,2.0
214310,8476061,5,1,5,"78,96288499",5,3,2,1,67,6,5.0,,,2,19.0,19142.0,,,,,,,,,,,,,,,,,,,,,,,,,,,2.0,3.0,11.0,11001.0,,1.0,3.0,11.0,11001.0,,1.0,11.0,3,,1.0,3,,1.0,6,2.0,1.0,9.0,6.0,5.0,7.0,6.0,6.0,6.0,6.0,2.0,2.0,6.0,6.0,1.0,2.0
216456,8477169,1,1,1,"19,19621935",1,3,1,1,30,1,5.0,,,2,11.0,11001.0,,,,,,,,,,,,,,,,,,,,,,,,,,,2.0,3.0,11.0,11001.0,,1.0,3.0,11.0,11001.0,,1.0,2.0,2,,5.0,2,,4.0,6,2.0,2.0,2.0,8.0,8.0,8.0,8.0,9.0,8.0,7.0,2.0,2.0,7.0,8.0,2.0,1.0
217906,8477780,1,1,1,"37,40435165",1,3,2,1,60,1,4.0,,,2,76.0,76001.0,,,,,,,,,,,,,,,,,,,,,,,,,,,2.0,3.0,11.0,11001.0,,1.0,3.0,11.0,11001.0,,1.0,1.0,3,,1.0,3,,3.0,6,2.0,2.0,2.0,10.0,9.0,10.0,10.0,10.0,7.0,10.0,0.0,0.0,10.0,10.0,1.0,2.0
220289,8478837,1,1,1,"16,39294804",1,3,2,1,26,1,5.0,,,2,41.0,41001.0,,,,,,,,,,,,,,,,,,,,,,,,,,,2.0,3.0,11.0,11001.0,,1.0,3.0,11.0,11001.0,,1.0,8.0,2,,4.0,2,,4.0,6,2.0,2.0,2.0,10.0,8.0,7.0,8.0,8.0,8.0,10.0,0.0,0.0,9.0,7.0,1.0,2.0
221735,8479692,1,1,1,"26,94339036",1,3,1,1,70,1,4.0,,,2,73.0,73001.0,,,,,,,,,,,,,,,,,,,,,,,,,,,2.0,3.0,11.0,11001.0,,1.0,3.0,11.0,11001.0,,1.0,10.0,3,,1.0,2,,1.0,6,1.0,,1.0,8.0,8.0,6.0,9.0,7.0,8.0,10.0,3.0,4.0,10.0,10.0,2.0,1.0
221995,8479811,1,1,1,"9,355693855",1,3,2,1,65,1,4.0,,,2,63.0,63001.0,,,,,,,,,,,,,,,,,,,,,,,,,,,2.0,3.0,11.0,11001.0,,2.0,3.0,11.0,11001.0,,2.0,11.0,3,,4.0,3,,4.0,6,2.0,2.0,2.0,8.0,10.0,10.0,8.0,9.0,9.0,8.0,0.0,0.0,8.0,9.0,1.0,2.0
222016,8479819,1,1,1,"234,612817",1,3,2,2,43,1,5.0,,,2,18.0,18247.0,,,,,,,,,,,,,,,,,,,,,,,,,,,2.0,3.0,11.0,11001.0,,1.0,3.0,11.0,11001.0,,1.0,8.0,3,,10.0,1,3.0,,6,1.0,,2.0,5.0,2.0,7.0,8.0,3.0,4.0,4.0,9.0,6.0,10.0,6.0,1.0,2.0
222018,8479819,3,1,3,"234,612817",3,3,2,2,73,5,5.0,,,2,73.0,73411.0,,,,,,,,,,,,,,,,,,,,,,,,,,,2.0,3.0,11.0,11001.0,,1.0,3.0,11.0,11001.0,,1.0,8.0,3,,1.0,3,,1.0,6,2.0,2.0,2.0,6.0,8.0,7.0,8.0,8.0,8.0,8.0,0.0,3.0,2.0,6.0,2.0,1.0
222276,8479936,1,1,1,"63,72721157",1,3,2,1,44,1,4.0,,,2,11.0,11001.0,,,,,,,,,,,,,,,,,,,,,,,,,,,2.0,3.0,11.0,11001.0,,1.0,3.0,11.0,11001.0,,1.0,1.0,2,,1.0,2,,1.0,6,1.0,,1.0,8.0,7.0,8.0,8.0,8.0,8.0,8.0,0.0,0.0,8.0,8.0,1.0,2.0
223856,8480765,1,1,1,"5,469911234",1,3,2,1,26,1,5.0,,,2,13.0,13001.0,,,,,,,,,,,,,,,,,,,,,,,,,,,2.0,3.0,11.0,11001.0,,1.0,3.0,11.0,11001.0,,1.0,1.0,2,,8.0,2,,8.0,6,2.0,2.0,2.0,10.0,8.0,10.0,10.0,8.0,8.0,7.0,3.0,1.0,10.0,8.0,1.0,2.0
224107,8480947,1,1,1,"6,38718057",1,3,1,1,37,1,2.0,2.0,,2,99.0,99001.0,,,,,,,,,,,,,,,,,,,,,,,,,,,2.0,2.0,,,,2.0,3.0,11.0,11001.0,,1.0,1.0,2,,9.0,3,,1.0,6,1.0,,1.0,8.0,7.0,6.0,7.0,8.0,7.0,7.0,0.0,0.0,8.0,8.0,2.0,1.0
224852,8481322,1,1,1,"594,3527601",1,3,1,1,69,1,6.0,1.0,2.0,2,68.0,68081.0,,,,,,,,,,,,,,,,,,,,,,,,,,,2.0,3.0,11.0,11001.0,,1.0,3.0,11.0,11001.0,,1.0,5.0,3,,4.0,3,,4.0,6,2.0,2.0,2.0,10.0,10.0,8.0,7.0,10.0,10.0,8.0,2.0,0.0,10.0,9.0,2.0,1.0
224853,8481322,2,1,2,"594,3527601",2,3,2,1,65,2,6.0,1.0,1.0,2,68.0,68081.0,,,,,,,,,,,,,,,,,,,,,,,,,,,2.0,3.0,11.0,11001.0,,1.0,3.0,11.0,11001.0,,1.0,8.0,3,,4.0,2,,4.0,6,2.0,2.0,2.0,9.0,99.0,9.0,8.0,8.0,10.0,8.0,2.0,0.0,10.0,9.0,1.0,2.0
224854,8481322,3,1,3,"594,3527601",3,3,2,1,44,3,4.0,,,2,68.0,68081.0,,,,,,,,,,,,,,,,,,,,,,,,,,,2.0,3.0,11.0,11001.0,,1.0,3.0,11.0,11001.0,,1.0,8.0,1,1.0,,1,2.0,,6,2.0,2.0,2.0,10.0,10.0,10.0,8.0,10.0,10.0,9.0,1.0,0.0,10.0,9.0,1.0,2.0
225282,8481836,2,1,2,"139,3400705",2,3,2,1,25,3,5.0,,,2,11.0,11001.0,,,,,,,,,,,,,,,,,,,,,,,,,,,2.0,2.0,,,,2.0,3.0,11.0,11001.0,,1.0,8.0,2,,1.0,1,1.0,,6,2.0,2.0,1.0,10.0,7.0,8.0,8.0,7.0,10.0,6.0,5.0,0.0,10.0,8.0,1.0,2.0
229512,8484636,2,1,2,"14,89186542",2,3,2,1,39,2,2.0,1.0,1.0,2,5.0,5756.0,,,,,,,,,,,,,,,,,,,,,,,,,,,2.0,3.0,11.0,11001.0,,1.0,3.0,11.0,11001.0,,1.0,8.0,2,,9.0,2,,9.0,6,2.0,2.0,2.0,10.0,10.0,4.0,7.0,10.0,10.0,7.0,5.0,5.0,10.0,5.0,1.0,2.0
233482,8488630,1,1,1,"10,54781737",1,3,1,2,18,1,5.0,,,2,11.0,11001.0,,,,,,,,,,,,,,,,,,,,,,,,,,,2.0,3.0,11.0,11001.0,,1.0,3.0,11.0,11001.0,,1.0,1.0,2,,3.0,3,,1.0,6,2.0,2.0,2.0,6.0,7.0,6.0,6.0,6.0,6.0,6.0,6.0,6.0,6.0,7.0,2.0,1.0
233678,8488769,1,1,1,"30,30982003",1,3,1,1,31,1,5.0,,,2,11.0,11001.0,,,,,,,,,,,,,,,,,,,,,,,,,,,2.0,3.0,11.0,11001.0,,1.0,3.0,11.0,11001.0,,1.0,1.0,2,,4.0,2,,4.0,6,2.0,2.0,2.0,7.0,7.0,8.0,8.0,8.0,8.0,8.0,4.0,1.0,8.0,7.0,2.0,1.0
